GO:0060230 	 3
GO:0016979 	 2
GO:0020037 	 132
GO:0031720 	 3
GO:0050431 	 23
GO:0031721 	 1
GO:0070034 	 7
GO:0070035 	 104
GO:0031723 	 1
GO:0031724 	 1
GO:0070037 	 1
GO:0050436 	 1
GO:0070039 	 1
GO:0031726 	 8
GO:0031727 	 5
GO:0031729 	 1
GO:0005290 	 2
GO:0015091 	 3
GO:0005292 	 1
GO:0015093 	 4
GO:0015094 	 1
GO:0015095 	 14
GO:0005294 	 3
GO:0015098 	 1
GO:0047273 	 1
GO:0005298 	 1
GO:0015099 	 2
GO:0004000 	 15
GO:0008962 	 1
GO:0004001 	 1
GO:0008963 	 1
GO:0047277 	 1
GO:0004003 	 37
GO:0004004 	 65
GO:0008967 	 2
GO:0045499 	 8
GO:0008969 	 4
GO:0004008 	 4
GO:0070042 	 1
GO:0022820 	 9
GO:0061133 	 5
GO:0031730 	 6
GO:0022821 	 8
GO:0061134 	 252
GO:0031732 	 2
GO:0061135 	 210
GO:0050444 	 1
GO:0022824 	 8
GO:0031735 	 3
GO:0071933 	 9
GO:0022829 	 26
GO:0031739 	 1
GO:0071936 	 1
GO:0047280 	 1
GO:0008970 	 4
GO:0016990 	 1
GO:0018773 	 1
GO:0008973 	 1
GO:0016992 	 2
GO:0004012 	 19
GO:0004013 	 1
GO:0047288 	 1
GO:0004014 	 1
GO:0004016 	 21
GO:0016997 	 9
GO:0004017 	 7
GO:0070051 	 4
GO:0044212 	 991
GO:0004018 	 2
GO:0070052 	 3
GO:0004019 	 3
GO:0044213 	 12
GO:0070053 	 4
GO:0031741 	 1
GO:0043325 	 20
GO:0022832 	 260
GO:0022833 	 4
GO:0034416 	 6
GO:0034417 	 1
GO:0022834 	 211
GO:0022835 	 8
GO:0022836 	 471
GO:0050459 	 1
GO:0022838 	 650
GO:0031748 	 8
GO:0031749 	 2
GO:0022839 	 48
GO:0071949 	 14
GO:0047290 	 1
GO:0047291 	 1
GO:0047293 	 1
GO:0004020 	 2
GO:0048185 	 12
GO:0004021 	 4
GO:0004022 	 10
GO:1901567 	 6
GO:0004024 	 4
GO:0047298 	 1
GO:0008988 	 2
GO:0004027 	 2
GO:0035312 	 6
GO:0004028 	 8
GO:0070061 	 4
GO:0004029 	 24
GO:0016603 	 2
GO:0022840 	 19
GO:0031750 	 3
GO:0070063 	 36
GO:0031751 	 1
GO:0050462 	 1
GO:0022841 	 18
GO:0070064 	 21
GO:0022842 	 19
GO:0031752 	 3
GO:0045118 	 8
GO:0031753 	 2
GO:0022843 	 218
GO:0016608 	 3
GO:0031755 	 2
GO:0022848 	 2
GO:0009881 	 14
GO:0004030 	 7
GO:0009882 	 2
GO:0004031 	 2
GO:0004032 	 7
GO:0004033 	 24
GO:0004034 	 1
GO:0008995 	 1
GO:0004035 	 6
GO:0004037 	 1
GO:0045125 	 13
GO:0035325 	 4
GO:0022851 	 2
GO:0016614 	 188
GO:0045127 	 1
GO:0016615 	 15
GO:0035326 	 99
GO:0050473 	 4
GO:0031762 	 2
GO:0031763 	 2
GO:0016616 	 163
GO:0031764 	 1
GO:0034437 	 2
GO:0036219 	 1
GO:0031765 	 2
GO:0016618 	 1
GO:0031766 	 2
GO:0033549 	 15
GO:0022857 	 1520
GO:0050479 	 1
GO:0031768 	 2
GO:0022858 	 7
GO:0031769 	 1
GO:0004040 	 1
GO:0004042 	 1
GO:0004043 	 1
GO:0004044 	 1
GO:0045130 	 1
GO:0036220 	 1
GO:0004045 	 5
GO:0004046 	 5
GO:0036222 	 1
GO:0008601 	 23
GO:0016620 	 62
GO:0070080 	 3
GO:0004047 	 2
GO:0050480 	 1
GO:0051371 	 9
GO:0008603 	 9
GO:0045134 	 4
GO:0031770 	 1
GO:0016623 	 3
GO:0031771 	 1
GO:0051373 	 3
GO:0016624 	 10
GO:0031772 	 1
GO:0030881 	 14
GO:0008607 	 4
GO:0031773 	 1
GO:0030882 	 6
GO:0016627 	 91
GO:0070087 	 6
GO:0030883 	 5
GO:0051377 	 3
GO:0008609 	 1
GO:0031775 	 1
GO:0016628 	 30
GO:0030884 	 5
GO:0022865 	 1
GO:0051378 	 9
GO:0033558 	 50
GO:0051379 	 6
GO:0047915 	 1
GO:0031779 	 5
GO:0098809 	 1
GO:1904264 	 11
GO:1904265 	 1
GO:0004051 	 1
GO:0004052 	 5
GO:0004053 	 3
GO:0046030 	 10
GO:0004055 	 2
GO:0004056 	 1
GO:0004057 	 1
GO:0034450 	 11
GO:0051380 	 4
GO:0004058 	 2
GO:0008613 	 1
GO:0051381 	 3
GO:0004059 	 2
GO:0034452 	 8
GO:0031780 	 2
GO:0045145 	 2
GO:0016634 	 15
GO:0031781 	 4
GO:0070095 	 3
GO:0031782 	 4
GO:0016635 	 5
GO:0031783 	 2
GO:0070097 	 10
GO:0034458 	 1
GO:0016638 	 23
GO:0050497 	 2
GO:0016639 	 2
GO:0098811 	 51
GO:0030898 	 13
GO:0030899 	 3
GO:0071987 	 3
GO:0004060 	 3
GO:0004061 	 1
GO:0004062 	 8
GO:0004063 	 2
GO:0004064 	 8
GO:0004065 	 15
GO:0038023 	 1912
GO:0004066 	 3
GO:0004067 	 2
GO:0038024 	 72
GO:0004068 	 1
GO:0018423 	 1
GO:0038025 	 2
GO:0033570 	 2
GO:0016641 	 19
GO:0004069 	 7
GO:0016642 	 1
GO:0045155 	 2
GO:0051393 	 20
GO:0016645 	 42
GO:0016646 	 29
GO:0016647 	 7
GO:0045159 	 5
GO:0022884 	 25
GO:0000104 	 5
GO:0047933 	 1
GO:0016649 	 2
GO:0098821 	 1
GO:0047936 	 1
GO:0022889 	 10
GO:0050104 	 1
GO:0030504 	 1
GO:0047939 	 1
GO:0030506 	 23
GO:0070700 	 9
GO:0030507 	 25
GO:0070704 	 2
GO:0004070 	 3
GO:1904288 	 5
GO:0004074 	 2
GO:0004075 	 5
GO:0004077 	 1
GO:0004078 	 1
GO:0016651 	 118
GO:0016652 	 4
GO:0004079 	 1
GO:0038036 	 8
GO:0022890 	 701
GO:0016653 	 15
GO:0022891 	 1361
GO:0022892 	 1563
GO:0016655 	 57
GO:0035368 	 3
GO:0022894 	 1
GO:0016657 	 2
GO:0042497 	 1
GO:0042498 	 2
GO:0022897 	 2
GO:0047945 	 1
GO:0047946 	 1
GO:0050113 	 1
GO:0031402 	 12
GO:0031403 	 2
GO:0050115 	 1
GO:0031404 	 5
GO:0030515 	 25
GO:0031406 	 197
GO:0004080 	 1
GO:0070717 	 17
GO:0004081 	 1
GO:0004082 	 4
GO:0004083 	 5
GO:0004084 	 4
GO:0004085 	 1
GO:0008641 	 15
GO:0004087 	 2
GO:0034481 	 5
GO:0004088 	 4
GO:0016661 	 3
GO:0045174 	 2
GO:0035373 	 3
GO:0038046 	 1
GO:0004089 	 13
GO:0016662 	 1
GO:0001010 	 2
GO:0038047 	 2
GO:0034483 	 16
GO:1902118 	 1
GO:0035374 	 3
GO:0001011 	 1
GO:0038048 	 2
GO:0043394 	 30
GO:0035375 	 1
GO:0034485 	 2
GO:0038049 	 2
GO:0001012 	 643
GO:0043395 	 17
GO:0001013 	 2
GO:0016667 	 64
GO:0043398 	 3
GO:0008649 	 14
GO:0051010 	 10
GO:0035379 	 2
GO:0016668 	 11
GO:0051011 	 7
GO:0001016 	 4
GO:0050121 	 2
GO:0050124 	 2
GO:0051015 	 119
GO:0030523 	 2
GO:0051018 	 49
GO:0051019 	 25
GO:0052901 	 2
GO:0050129 	 1
GO:0031418 	 21
GO:0052902 	 1
GO:0031419 	 9
GO:0052903 	 1
GO:0071614 	 2
GO:0052904 	 1
GO:0052906 	 1
GO:0071617 	 15
GO:0052907 	 1
GO:0072509 	 207
GO:0004090 	 4
GO:0070728 	 4
GO:0052909 	 1
GO:0004092 	 1
GO:1902121 	 1
GO:1902122 	 1
GO:0038051 	 1
GO:0038052 	 2
GO:0004095 	 4
GO:0008650 	 3
GO:0004096 	 4
GO:0035381 	 10
GO:0016670 	 8
GO:0045182 	 37
GO:0045183 	 1
GO:0016671 	 15
GO:0004098 	 1
GO:0016672 	 3
GO:0018454 	 1
GO:0018455 	 1
GO:0008656 	 18
GO:0016675 	 27
GO:0016676 	 26
GO:0047961 	 4
GO:0047962 	 1
GO:0001025 	 5
GO:0051020 	 269
GO:0051021 	 2
GO:0047963 	 1
GO:0016679 	 8
GO:0051022 	 2
GO:0031420 	 18
GO:0033204 	 1
GO:0050135 	 2
GO:0047969 	 1
GO:0043008 	 5
GO:0072510 	 3
GO:0050136 	 42
GO:0070733 	 1
GO:0070735 	 3
GO:0070736 	 2
GO:0072518 	 1
GO:0052917 	 1
GO:0052918 	 1
GO:0070739 	 4
GO:0038062 	 2
GO:0038064 	 4
GO:0016681 	 7
GO:0001030 	 3
GO:0008665 	 3
GO:0001031 	 3
GO:0016684 	 57
GO:0001032 	 3
GO:0018467 	 1
GO:0051032 	 3
GO:0000146 	 27
GO:0051033 	 3
GO:0003810 	 10
GO:0043014 	 23
GO:0004702 	 69
GO:0031432 	 14
GO:0043015 	 23
GO:0050144 	 1
GO:0031433 	 7
GO:0000149 	 125
GO:0004703 	 7
GO:0047977 	 2
GO:0050145 	 2
GO:0004704 	 6
GO:0031434 	 15
GO:0050146 	 1
GO:0004705 	 3
GO:0030544 	 24
GO:0031435 	 18
GO:0004706 	 4
GO:0030545 	 46
GO:0033218 	 275
GO:0070740 	 3
GO:0030546 	 32
GO:0004707 	 16
GO:0030547 	 12
GO:0004708 	 22
GO:0071633 	 2
GO:0070742 	 14
GO:0004709 	 29
GO:0030548 	 3
GO:0030549 	 1
GO:0052925 	 1
GO:0052926 	 1
GO:0052927 	 1
GO:0052928 	 1
GO:0052929 	 1
GO:0008670 	 2
GO:0000150 	 8
GO:0001042 	 1
GO:0018478 	 2
GO:0018479 	 2
GO:0043021 	 83
GO:0047982 	 1
GO:0000155 	 8
GO:0042131 	 1
GO:0043022 	 40
GO:0001046 	 90
GO:0043023 	 8
GO:0042132 	 3
GO:0001047 	 148
GO:0035004 	 26
GO:0050152 	 1
GO:0015403 	 5
GO:0004711 	 7
GO:0035005 	 9
GO:0043024 	 10
GO:0042134 	 4
GO:0004712 	 51
GO:0030551 	 43
GO:0004713 	 233
GO:0015405 	 138
GO:0030552 	 25
GO:0047988 	 1
GO:0004714 	 87
GO:0003823 	 109
GO:0043027 	 26
GO:0030553 	 16
GO:0004715 	 49
GO:0003824 	 8368
GO:0030554 	 1535
GO:0043028 	 45
GO:0004716 	 9
GO:0033229 	 1
GO:0003826 	 2
GO:0003827 	 1
GO:0003828 	 5
GO:0004719 	 3
GO:0003829 	 3
GO:0038085 	 4
GO:1901265 	 2391
GO:0016300 	 3
GO:0001054 	 12
GO:0047992 	 1
GO:0008689 	 1
GO:0015410 	 2
GO:0001055 	 10
GO:0016301 	 1297
GO:0001056 	 18
GO:0004720 	 4
GO:0000166 	 2390
GO:0016303 	 14
GO:0035014 	 8
GO:0003830 	 1
GO:0004721 	 259
GO:0043035 	 1
GO:0003831 	 5
GO:0004722 	 73
GO:0004723 	 8
GO:0016307 	 23
GO:0003834 	 2
GO:0016308 	 9
GO:0004725 	 122
GO:0072541 	 1
GO:0003835 	 2
GO:0016309 	 3
GO:0004726 	 8
GO:0004727 	 2
GO:0003836 	 8
GO:0046703 	 10
GO:0051059 	 30
GO:0072542 	 8
GO:0003837 	 1
GO:0004728 	 1
GO:0004729 	 2
GO:0072544 	 1
GO:0003839 	 3
GO:0072545 	 2
GO:0000170 	 1
GO:0000171 	 2
GO:0015421 	 1
GO:0000175 	 31
GO:0016312 	 2
GO:0004730 	 1
GO:0001067 	 995
GO:0016314 	 3
GO:0004731 	 4
GO:0003840 	 11
GO:1990583 	 1
GO:0003841 	 11
GO:0004733 	 2
GO:0030572 	 2
GO:0000179 	 4
GO:0003842 	 1
GO:0016316 	 2
GO:0043047 	 4
GO:0004735 	 5
GO:0032356 	 4
GO:0003844 	 1
GO:0004736 	 1
GO:0003845 	 2
GO:0032357 	 4
GO:0003846 	 5
GO:0050178 	 1
GO:0003847 	 5
GO:0004738 	 9
GO:0046715 	 1
GO:0004739 	 3
GO:0070773 	 1
GO:0097602 	 11
GO:0070774 	 1
GO:0097603 	 2
GO:0097604 	 2
GO:0001071 	 1609
GO:0000182 	 8
GO:0008301 	 22
GO:0001075 	 2
GO:0035033 	 5
GO:0001076 	 136
GO:0035034 	 2
GO:0015432 	 1
GO:0004740 	 5
GO:0042162 	 18
GO:0001077 	 236
GO:0004741 	 2
GO:0030580 	 1
GO:0015433 	 2
GO:0042163 	 1
GO:0001078 	 107
GO:0035035 	 25
GO:0003851 	 1
GO:0042164 	 1
GO:0004742 	 2
GO:1990595 	 1
GO:0004743 	 3
GO:0008307 	 44
GO:0042165 	 32
GO:0042166 	 26
GO:0008308 	 17
GO:0003854 	 6
GO:0004745 	 16
GO:0008309 	 4
GO:0047613 	 1
GO:0004747 	 1
GO:0015439 	 1
GO:0030586 	 2
GO:0042169 	 33
GO:0004748 	 6
GO:0003857 	 12
GO:0004749 	 8
GO:0003858 	 3
GO:0047617 	 19
GO:0098505 	 1
GO:0097617 	 9
GO:0001082 	 1
GO:0019001 	 414
GO:0001083 	 2
GO:0019002 	 2
GO:0008310 	 4
GO:0008311 	 2
GO:0019003 	 52
GO:0015440 	 4
GO:0008312 	 7
GO:0001085 	 107
GO:0018114 	 1
GO:0042171 	 12
GO:0001087 	 1
GO:0004750 	 3
GO:0051082 	 108
GO:0003860 	 1
GO:0004751 	 1
GO:0047620 	 1
GO:0004753 	 2
GO:0033265 	 4
GO:0047621 	 1
GO:0003863 	 2
GO:0008318 	 11
GO:0051087 	 84
GO:0030594 	 101
GO:0004756 	 2
GO:0050197 	 1
GO:0003865 	 3
GO:0047623 	 4
GO:0072572 	 1
GO:0004757 	 2
GO:0004758 	 5
GO:0003867 	 2
GO:0003868 	 3
GO:0031489 	 17
GO:0010997 	 3
GO:0097625 	 1
GO:0097626 	 1
GO:0098518 	 4
GO:0097627 	 1
GO:0098519 	 4
GO:0001091 	 4
GO:0001093 	 1
GO:0008320 	 22
GO:0008321 	 3
GO:0001094 	 2
GO:0015450 	 9
GO:0001097 	 1
GO:0031490 	 77
GO:0008324 	 862
GO:0004760 	 1
GO:0001098 	 25
GO:0031491 	 46
GO:0003870 	 2
GO:0001099 	 25
GO:0031492 	 31
GO:0031493 	 3
GO:0003872 	 7
GO:0008327 	 18
GO:0047631 	 5
GO:0003873 	 4
GO:0003874 	 1
GO:0008329 	 18
GO:0004766 	 1
GO:0003875 	 2
GO:0004767 	 7
GO:0015459 	 50
GO:0003876 	 4
GO:0004768 	 3
GO:0047635 	 4
GO:0004769 	 3
GO:0003878 	 1
GO:0047638 	 1
GO:0070401 	 1
GO:0070402 	 14
GO:0070403 	 13
GO:0070404 	 3
GO:0070405 	 72
GO:0050809 	 1
GO:0008330 	 4
GO:0008331 	 11
GO:0008332 	 2
GO:0035064 	 53
GO:0003880 	 4
GO:0004771 	 7
GO:0003881 	 2
GO:0008336 	 3
GO:0004772 	 3
GO:0015464 	 24
GO:0032393 	 10
GO:0003882 	 1
GO:0048531 	 9
GO:0004773 	 1
GO:0004774 	 3
GO:0032395 	 15
GO:0003883 	 5
GO:0072590 	 2
GO:0004775 	 2
GO:0032396 	 5
GO:0015467 	 4
GO:0003884 	 3
GO:0072591 	 1
GO:0004776 	 2
GO:0032397 	 1
GO:0004777 	 2
GO:0003886 	 8
GO:0004778 	 1
GO:0032399 	 3
GO:0003887 	 31
GO:0098531 	 62
GO:0004779 	 2
GO:0097642 	 7
GO:1990226 	 3
GO:0097644 	 2
GO:0030215 	 10
GO:0070410 	 12
GO:0061501 	 1
GO:0070411 	 11
GO:0070412 	 22
GO:0050811 	 16
GO:0061505 	 4
GO:0061507 	 1
GO:0050815 	 5
GO:0050816 	 3
GO:0016361 	 6
GO:0016362 	 2
GO:0004781 	 2
GO:0033293 	 59
GO:0004782 	 2
GO:0034185 	 17
GO:0034186 	 3
GO:0004784 	 8
GO:0008349 	 3
GO:0034188 	 2
GO:0034189 	 2
GO:0003896 	 4
GO:0004788 	 2
GO:0032003 	 1
GO:0003899 	 56
GO:0000822 	 1
GO:0097655 	 1
GO:0000823 	 1
GO:0052600 	 1
GO:0030226 	 2
GO:1990239 	 4
GO:0000824 	 1
GO:0042800 	 21
GO:0001716 	 1
GO:0042801 	 1
GO:0030228 	 18
GO:0030229 	 4
GO:0042802 	 1268
GO:0000827 	 2
GO:0042803 	 726
GO:0000828 	 8
GO:0042805 	 28
GO:0042806 	 4
GO:0051717 	 2
GO:0050827 	 1
GO:0051718 	 2
GO:0042809 	 18
GO:0034190 	 6
GO:0034191 	 4
GO:0008353 	 16
GO:0004790 	 1
GO:0004791 	 7
GO:0004792 	 3
GO:0004793 	 2
GO:0015485 	 39
GO:0048551 	 16
GO:0047661 	 2
GO:0004794 	 2
GO:0004795 	 1
GO:0004796 	 1
GO:0015489 	 2
GO:0004797 	 2
GO:0004798 	 2
GO:1990244 	 1
GO:0004799 	 2
GO:0030233 	 1
GO:0000831 	 1
GO:1990247 	 5
GO:0030234 	 1034
GO:0000832 	 5
GO:0030235 	 10
GO:0031127 	 2
GO:0051721 	 28
GO:0051722 	 1
GO:0001727 	 6
GO:0051723 	 1
GO:0042813 	 16
GO:0001729 	 2
GO:0051724 	 1
GO:0050833 	 4
GO:0033906 	 2
GO:0050839 	 203
GO:0035091 	 204
GO:0015491 	 29
GO:0015495 	 1
GO:0018169 	 1
GO:0015499 	 1
GO:1990254 	 4
GO:0047676 	 1
GO:0004402 	 61
GO:0001730 	 4
GO:0001733 	 4
GO:0032027 	 6
GO:0046789 	 1
GO:0032028 	 1
GO:0004407 	 42
GO:1990259 	 1
GO:0030246 	 282
GO:0001735 	 2
GO:0032029 	 2
GO:0004408 	 1
GO:0030247 	 21
GO:0051731 	 6
GO:0050840 	 48
GO:0051732 	 2
GO:0030249 	 8
GO:0051733 	 4
GO:0051734 	 5
GO:0051736 	 2
GO:0042826 	 92
GO:0052629 	 5
GO:0033919 	 1
GO:0008373 	 36
GO:0008374 	 52
GO:0008375 	 59
GO:0008376 	 39
GO:0008378 	 43
GO:0046790 	 9
GO:0008379 	 5
GO:0015100 	 1
GO:0015101 	 18
GO:0005302 	 1
GO:0004411 	 1
GO:0030250 	 7
GO:0015103 	 180
GO:0030251 	 1
GO:0015105 	 1
GO:0015106 	 26
GO:0032036 	 12
GO:0004415 	 9
GO:0005307 	 1
GO:0044610 	 1
GO:0004416 	 2
GO:0015108 	 124
GO:1990269 	 1
GO:0005308 	 3
GO:0032038 	 2
GO:0045502 	 22
GO:0005309 	 1
GO:0004418 	 2
GO:0045503 	 1
GO:0061542 	 1
GO:0045504 	 2
GO:0004419 	 4
GO:0097689 	 1
GO:0045505 	 4
GO:0042834 	 12
GO:0033925 	 1
GO:0042835 	 2
GO:0045509 	 2
GO:0061547 	 2
GO:0051747 	 3
GO:0051748 	 2
GO:0008381 	 4
GO:0008384 	 3
GO:0008386 	 3
GO:0008387 	 1
GO:0008389 	 1
GO:0015111 	 3
GO:0047693 	 1
GO:0005310 	 38
GO:0004420 	 1
GO:0032041 	 12
GO:1990272 	 1
GO:0015112 	 1
GO:0031151 	 1
GO:0097690 	 1
GO:0004421 	 2
GO:0016004 	 11
GO:0005313 	 16
GO:0015114 	 24
GO:0004422 	 2
GO:0047696 	 5
GO:0016005 	 2
GO:0005314 	 1
GO:1990275 	 1
GO:0004423 	 1
GO:0005315 	 4
GO:0015116 	 26
GO:0005316 	 1
GO:0044620 	 1
GO:0046403 	 2
GO:0004427 	 4
GO:0015119 	 2
GO:0046404 	 3
GO:0030267 	 2
GO:0045513 	 1
GO:0005319 	 125
GO:0052642 	 2
GO:0070463 	 1
GO:0043733 	 1
GO:0043734 	 4
GO:0001758 	 8
GO:0045517 	 1
GO:0045518 	 2
GO:0035717 	 1
GO:0045519 	 2
GO:0035718 	 1
GO:0008391 	 16
GO:0008392 	 16
GO:0008395 	 38
GO:0008396 	 2
GO:0008397 	 1
GO:0008398 	 1
GO:0032050 	 5
GO:0004430 	 4
GO:0032051 	 4
GO:0032052 	 11
GO:0016015 	 6
GO:0001760 	 1
GO:0030272 	 3
GO:0005324 	 5
GO:0015125 	 14
GO:0015126 	 1
GO:0030273 	 1
GO:0005325 	 2
GO:0005326 	 27
GO:0016018 	 7
GO:0030274 	 8
GO:0004435 	 31
GO:0030275 	 16
GO:0016019 	 5
GO:0052650 	 4
GO:0015129 	 7
GO:0005328 	 20
GO:0030276 	 60
GO:0047305 	 1
GO:0045523 	 3
GO:0005329 	 5
GO:0004438 	 10
GO:0098599 	 9
GO:0004439 	 7
GO:0052654 	 2
GO:0052655 	 2
GO:0051765 	 2
GO:0035727 	 4
GO:0052656 	 2
GO:0051766 	 8
GO:0052657 	 1
GO:0090079 	 20
GO:0052658 	 4
GO:0052659 	 3
GO:1903763 	 4
GO:1901981 	 114
GO:0015130 	 1
GO:0005330 	 1
GO:0015132 	 1
GO:0005332 	 4
GO:0030280 	 7
GO:0004441 	 1
GO:0005333 	 2
GO:0005334 	 1
GO:0015136 	 1
GO:0005335 	 2
GO:0030283 	 1
GO:0015137 	 4
GO:0004445 	 6
GO:0030284 	 7
GO:0008009 	 53
GO:0047312 	 1
GO:0004446 	 1
GO:0035730 	 1
GO:0005337 	 16
GO:0005338 	 13
GO:0004447 	 2
GO:0035731 	 1
GO:0047315 	 1
GO:0004448 	 8
GO:0004449 	 3
GO:0047316 	 1
GO:0043754 	 1
GO:0061578 	 3
GO:0015140 	 1
GO:0015141 	 2
GO:0008013 	 79
GO:0015142 	 4
GO:0004450 	 5
GO:0015143 	 2
GO:0016034 	 2
GO:0005342 	 172
GO:0005343 	 29
GO:0004452 	 3
GO:0015144 	 57
GO:0030291 	 30
GO:0030292 	 4
GO:0015145 	 28
GO:0005344 	 14
GO:0008017 	 207
GO:0004454 	 2
GO:0005345 	 4
GO:0030294 	 1
GO:0047322 	 2
GO:0005346 	 6
GO:0047323 	 1
GO:0005347 	 4
GO:0030295 	 58
GO:0018812 	 4
GO:0015149 	 25
GO:0004457 	 6
GO:0030296 	 17
GO:0001784 	 16
GO:0004458 	 1
GO:0001785 	 2
GO:0047325 	 1
GO:0030297 	 7
GO:0070491 	 61
GO:0030298 	 1
GO:0070492 	 8
GO:0004459 	 5
GO:0033961 	 1
GO:0001786 	 26
GO:0019706 	 25
GO:0097322 	 1
GO:0045545 	 6
GO:0019707 	 25
GO:0010698 	 2
GO:0051786 	 2
GO:0051787 	 14
GO:0060698 	 1
GO:0050897 	 5
GO:0008020 	 4
GO:0008022 	 181
GO:0005350 	 2
GO:0005351 	 22
GO:0015152 	 2
GO:0004461 	 4
GO:0005353 	 1
GO:0004462 	 1
GO:0008026 	 104
GO:0004463 	 2
GO:0001791 	 1
GO:0005355 	 22
GO:0004464 	 2
GO:0008028 	 46
GO:0045550 	 2
GO:0001792 	 1
GO:0004465 	 4
GO:0004466 	 4
GO:0004467 	 16
GO:0032089 	 2
GO:0004468 	 6
GO:0035755 	 1
GO:0009917 	 1
GO:0035757 	 1
GO:0061597 	 2
GO:0035758 	 1
GO:0061598 	 1
GO:0042887 	 17
GO:0061599 	 2
GO:0052689 	 153
GO:0050501 	 6
GO:0010309 	 1
GO:0050508 	 4
GO:0050509 	 3
GO:0032090 	 2
GO:0004470 	 9
GO:0005362 	 1
GO:0004471 	 3
GO:0008035 	 8
GO:0032093 	 2
GO:0015165 	 9
GO:0004473 	 3
GO:0004474 	 1
GO:0047341 	 1
GO:0005365 	 1
GO:1901611 	 5
GO:0015166 	 16
GO:0004475 	 1
GO:1901612 	 4
GO:0005367 	 1
GO:0004476 	 1
GO:0015168 	 14
GO:0009922 	 3
GO:0005368 	 1
GO:0004477 	 4
GO:0005369 	 1
GO:0004478 	 2
GO:0004479 	 1
GO:0052692 	 1
GO:0033981 	 1
GO:0043783 	 1
GO:1901618 	 56
GO:0034875 	 4
GO:0042895 	 2
GO:0045569 	 4
GO:0010314 	 12
GO:0051400 	 10
GO:0050510 	 4
GO:0033989 	 1
GO:0031800 	 4
GO:0050512 	 1
GO:0031802 	 1
GO:0030911 	 6
GO:0070119 	 1
GO:0050518 	 1
GO:0015171 	 102
GO:0015172 	 18
GO:0015173 	 4
GO:0005372 	 20
GO:0004482 	 3
GO:0015174 	 13
GO:0008046 	 9
GO:0004483 	 2
GO:0015175 	 37
GO:0008047 	 475
GO:0004484 	 1
GO:0008048 	 5
GO:0005375 	 10
GO:0004485 	 4
GO:0048244 	 2
GO:0004486 	 1
GO:0009931 	 10
GO:0004487 	 3
GO:0015179 	 61
GO:0004488 	 3
GO:0004489 	 4
GO:0048248 	 5
GO:0043795 	 1
GO:0042500 	 7
GO:0070122 	 1
GO:0070123 	 1
GO:0031811 	 1
GO:0031812 	 1
GO:0050528 	 1
GO:0015180 	 7
GO:0015181 	 6
GO:0015182 	 2
GO:0005381 	 10
GO:0004490 	 1
GO:0015183 	 5
GO:0004491 	 2
GO:0004492 	 1
GO:0015184 	 5
GO:0004493 	 1
GO:0015185 	 5
GO:0005384 	 6
GO:0015186 	 5
GO:0005385 	 22
GO:0004494 	 1
GO:0015187 	 7
GO:0004496 	 3
GO:0015189 	 6
GO:0005388 	 14
GO:0004497 	 166
GO:0004498 	 1
GO:0048256 	 9
GO:0048257 	 2
GO:0004499 	 8
GO:0097363 	 3
GO:0047369 	 1
GO:0097367 	 2303
GO:0034899 	 1
GO:0031821 	 7
GO:0043404 	 2
GO:0051424 	 3
GO:0051425 	 4
GO:0070138 	 1
GO:0051427 	 202
GO:0051428 	 20
GO:0031826 	 3
GO:0051429 	 6
GO:0008061 	 8
GO:0015190 	 2
GO:0015191 	 1
GO:0015192 	 1
GO:0005391 	 13
GO:0015193 	 7
GO:0015194 	 9
GO:0008066 	 41
GO:1901640 	 1
GO:0015195 	 1
GO:1901641 	 1
GO:0008068 	 1
GO:0015196 	 2
GO:1900750 	 12
GO:0015197 	 13
GO:0047372 	 8
GO:0015198 	 4
GO:0015199 	 4
GO:0047374 	 3
GO:0097371 	 6
GO:0004102 	 1
GO:0097372 	 1
GO:0010340 	 8
GO:0004103 	 2
GO:0004104 	 5
GO:0004105 	 2
GO:0070140 	 1
GO:0051430 	 4
GO:0004108 	 2
GO:0004109 	 2
GO:0051431 	 4
GO:0033612 	 15
GO:0050542 	 6
GO:0033613 	 56
GO:0050543 	 6
GO:0051434 	 5
GO:0030942 	 3
GO:0051435 	 1
GO:0050544 	 5
GO:0031834 	 1
GO:0031835 	 1
GO:0008073 	 5
GO:0048270 	 1
GO:0048273 	 5
GO:0008079 	 9
GO:0005000 	 7
GO:0005001 	 17
GO:0019763 	 6
GO:0004111 	 6
GO:0005003 	 20
GO:0004112 	 41
GO:0097382 	 1
GO:0005004 	 5
GO:0004113 	 1
GO:0097383 	 1
GO:0004114 	 39
GO:0019767 	 3
GO:0005005 	 10
GO:0047389 	 2
GO:0004115 	 15
GO:0005006 	 3
GO:0035400 	 1
GO:0005007 	 9
GO:0004117 	 3
GO:0005008 	 1
GO:0035401 	 1
GO:0004118 	 3
GO:0034511 	 4
GO:0005009 	 1
GO:0035402 	 2
GO:0035403 	 2
GO:0004119 	 2
GO:0034512 	 1
GO:0043422 	 11
GO:0043423 	 1
GO:0031841 	 1
GO:0043425 	 30
GO:0043426 	 5
GO:0030955 	 14
GO:0030957 	 7
GO:0031849 	 6
GO:0008080 	 98
GO:0008081 	 119
GO:0008083 	 167
GO:0047390 	 1
GO:0047391 	 1
GO:0019770 	 1
GO:0005010 	 3
GO:0047394 	 1
GO:0005011 	 3
GO:0047395 	 1
GO:0004122 	 2
GO:0019776 	 4
GO:0009975 	 31
GO:0004123 	 2
GO:0019777 	 3
GO:0019778 	 2
GO:0019779 	 1
GO:0035410 	 1
GO:0005017 	 6
GO:0004126 	 11
GO:0004127 	 4
GO:0005018 	 2
GO:0005019 	 3
GO:0016701 	 42
GO:0004128 	 7
GO:0050560 	 1
GO:0044323 	 3
GO:0016702 	 40
GO:0004129 	 26
GO:0050561 	 1
GO:0031851 	 1
GO:0044325 	 108
GO:0031852 	 4
GO:0016705 	 210
GO:0016706 	 55
GO:0031854 	 1
GO:0016708 	 2
GO:0031855 	 1
GO:0031856 	 2
GO:0050567 	 3
GO:0016709 	 49
GO:0031857 	 1
GO:0008092 	 963
GO:0008093 	 15
GO:0008094 	 90
GO:0008097 	 3
GO:0019780 	 1
GO:0019781 	 2
GO:0019782 	 1
GO:0005020 	 1
GO:0005021 	 10
GO:0019783 	 124
GO:0009982 	 13
GO:0019784 	 6
GO:0004131 	 1
GO:0019785 	 2
GO:0004132 	 1
GO:0005024 	 16
GO:0004133 	 2
GO:1901677 	 29
GO:0005025 	 5
GO:0004134 	 1
GO:0019787 	 502
GO:0019788 	 4
GO:0004135 	 1
GO:0005026 	 2
GO:0036310 	 9
GO:0019789 	 15
GO:0036312 	 9
GO:0004137 	 2
GO:0036313 	 2
GO:0016711 	 1
GO:0004138 	 1
GO:0004139 	 1
GO:0097001 	 4
GO:0016712 	 43
GO:0047006 	 2
GO:0050571 	 1
GO:0016713 	 14
GO:0097003 	 2
GO:0031861 	 1
GO:0016714 	 9
GO:0036317 	 1
GO:0031862 	 2
GO:0030971 	 46
GO:0016715 	 5
GO:0016716 	 2
GO:0016717 	 5
GO:0030975 	 1
GO:0050577 	 1
GO:0031867 	 1
GO:0030976 	 5
GO:0030977 	 1
GO:1901680 	 1
GO:1901681 	 227
GO:1901682 	 43
GO:0005030 	 4
GO:0004140 	 2
GO:0005031 	 9
GO:0004142 	 4
GO:0005034 	 1
GO:0038100 	 2
GO:0004143 	 13
GO:0019797 	 3
GO:0004144 	 5
GO:0005035 	 11
GO:0047012 	 1
GO:0004145 	 2
GO:0019798 	 7
GO:0008700 	 2
GO:0019799 	 2
GO:0004146 	 7
GO:0070180 	 1
GO:0010385 	 3
GO:0047015 	 1
GO:0070181 	 7
GO:0016721 	 8
GO:0004148 	 1
GO:0047016 	 1
GO:0038106 	 1
GO:0070182 	 9
GO:0016722 	 16
GO:0004149 	 1
GO:0031870 	 1
GO:0047017 	 2
GO:0071074 	 1
GO:0042562 	 76
GO:0016723 	 8
GO:0008705 	 2
GO:0045236 	 18
GO:0036326 	 1
GO:0031871 	 3
GO:0016724 	 6
GO:0034545 	 1
GO:0036327 	 1
GO:0016725 	 14
GO:0071077 	 2
GO:0016726 	 2
GO:0035438 	 1
GO:0016727 	 2
GO:0030983 	 15
GO:0097016 	 4
GO:0016728 	 6
GO:0008709 	 1
GO:0030984 	 3
GO:0032767 	 3
GO:0031877 	 1
GO:0005041 	 12
GO:0005042 	 1
GO:0004151 	 3
GO:0004152 	 2
GO:0047020 	 1
GO:0005044 	 46
GO:0047021 	 1
GO:0005046 	 2
GO:0004155 	 1
GO:0005047 	 4
GO:0047023 	 3
GO:0036332 	 1
GO:0016730 	 1
GO:0004157 	 4
GO:0005048 	 29
GO:0097020 	 1
GO:0070191 	 1
GO:0016731 	 1
GO:0005049 	 3
GO:0038117 	 1
GO:0050591 	 1
GO:0031883 	 1
GO:0042577 	 9
GO:0097027 	 5
GO:0042578 	 541
GO:0005052 	 4
GO:0004161 	 2
GO:0005053 	 1
GO:0004163 	 2
GO:0004164 	 2
GO:0005055 	 2
GO:0038121 	 1
GO:0004165 	 5
GO:0005057 	 142
GO:0008721 	 1
GO:0016740 	 3231
GO:0004167 	 3
GO:0052381 	 1
GO:0004168 	 1
GO:0047035 	 6
GO:0016741 	 289
GO:0004169 	 6
GO:0016742 	 10
GO:0055056 	 3
GO:0016743 	 5
GO:0016744 	 5
GO:0008725 	 1
GO:0016746 	 310
GO:0031893 	 4
GO:0008728 	 1
GO:0042586 	 1
GO:0016747 	 260
GO:0033676 	 1
GO:0031894 	 2
GO:0016748 	 3
GO:0031895 	 1
GO:0033677 	 2
GO:0033678 	 1
GO:0060001 	 1
GO:0016749 	 2
GO:0031896 	 1
GO:0050201 	 1
GO:0051499 	 2
GO:0060002 	 3
GO:0090409 	 1
GO:0004170 	 1
GO:0038131 	 1
GO:0004174 	 2
GO:0004175 	 515
GO:0047042 	 1
GO:0004176 	 7
GO:0005068 	 10
GO:0004177 	 52
GO:0033680 	 1
GO:0008732 	 2
GO:0047045 	 3
GO:0016751 	 1
GO:0033682 	 1
GO:0032791 	 1
GO:0000210 	 1
GO:0016755 	 27
GO:0001102 	 36
GO:0001103 	 27
GO:0032794 	 13
GO:0000213 	 4
GO:0044378 	 1
GO:0016757 	 385
GO:0032795 	 4
GO:0001104 	 91
GO:0016758 	 278
GO:0001105 	 34
GO:0000215 	 1
GO:0001106 	 26
GO:0050211 	 3
GO:0000217 	 24
GO:0030611 	 1
GO:0030613 	 3
GO:0030614 	 3
GO:0030616 	 1
GO:0030617 	 3
GO:0030618 	 5
GO:0030619 	 3
GO:0090416 	 1
GO:0070815 	 4
GO:0005070 	 55
GO:0004180 	 48
GO:0070818 	 2
GO:0004181 	 29
GO:0005072 	 11
GO:0004185 	 6
GO:0036361 	 2
GO:0005078 	 7
GO:0035472 	 1
GO:0033691 	 9
GO:0043492 	 146
GO:0035473 	 6
GO:0047057 	 2
GO:0016763 	 63
GO:0034584 	 4
GO:0008745 	 4
GO:0055077 	 4
GO:0008746 	 4
GO:0043495 	 14
GO:0016765 	 70
GO:0008747 	 2
GO:0033695 	 4
GO:0035478 	 1
GO:0044388 	 1
GO:0000224 	 1
GO:0016768 	 1
GO:0044389 	 259
GO:0050220 	 4
GO:0000225 	 1
GO:1990631 	 1
GO:0016769 	 50
GO:0033699 	 1
GO:0050221 	 1
GO:0030620 	 4
GO:0030621 	 5
GO:0032403 	 967
GO:0030622 	 2
GO:0032404 	 8
GO:0030623 	 1
GO:0032405 	 5
GO:0030624 	 1
GO:0051117 	 67
GO:0032407 	 5
GO:0030626 	 2
GO:0051119 	 43
GO:0030627 	 2
GO:0030628 	 2
GO:0071714 	 1
GO:0005080 	 54
GO:0004190 	 32
GO:0005085 	 243
GO:0005086 	 18
GO:0008750 	 1
GO:0044390 	 35
GO:0005087 	 5
GO:0034590 	 1
GO:0005088 	 142
GO:0004197 	 131
GO:0005089 	 82
GO:0004198 	 24
GO:0008753 	 3
GO:0047066 	 2
GO:0036374 	 5
GO:0016772 	 1502
GO:0034593 	 21
GO:0016773 	 1194
GO:0016774 	 5
GO:0034594 	 7
GO:1901338 	 17
GO:0034595 	 12
GO:0016775 	 15
GO:0034596 	 6
GO:0016776 	 49
GO:0008757 	 169
GO:0034597 	 4
GO:0033300 	 3
GO:0016778 	 11
GO:0051120 	 3
GO:0016779 	 157
GO:0001128 	 1
GO:0001129 	 1
GO:0003905 	 2
GO:0003906 	 17
GO:0003908 	 1
GO:0071723 	 9
GO:0003909 	 8
GO:0005092 	 11
GO:1904012 	 1
GO:0005093 	 2
GO:1904013 	 1
GO:0005094 	 3
GO:0005095 	 14
GO:0005096 	 264
GO:0008761 	 1
GO:0038164 	 1
GO:0016780 	 28
GO:0016781 	 2
GO:0016782 	 107
GO:0002020 	 105
GO:0045294 	 10
GO:0016783 	 15
GO:0045295 	 13
GO:0016784 	 1
GO:0045296 	 29
GO:0016785 	 1
GO:0001132 	 1
GO:0001133 	 1
GO:0035497 	 11
GO:0008768 	 1
GO:0001134 	 4
GO:0016787 	 3360
GO:0001135 	 1
GO:0016788 	 1025
GO:0031530 	 2
GO:0000246 	 1
GO:0004800 	 4
GO:0000247 	 1
GO:0004801 	 1
GO:0031531 	 1
GO:0003910 	 5
GO:0032422 	 2
GO:0004802 	 4
GO:0000248 	 2
GO:0004803 	 3
GO:0003912 	 1
GO:0032427 	 1
GO:0004806 	 20
GO:0070840 	 3
GO:0004807 	 3
GO:0003916 	 10
GO:0051139 	 1
GO:0032428 	 1
GO:0004808 	 1
GO:0003917 	 5
GO:0004809 	 1
GO:0003918 	 4
GO:0003919 	 1
GO:1903135 	 1
GO:1903136 	 1
GO:0016790 	 40
GO:0036393 	 1
GO:0016791 	 418
GO:0047086 	 3
GO:0016793 	 1
GO:0016794 	 1
GO:0000250 	 1
GO:0016796 	 54
GO:0043120 	 1
GO:0000253 	 3
GO:0034211 	 2
GO:0000254 	 1
GO:0043121 	 10
GO:0016798 	 162
GO:0015501 	 2
GO:0016799 	 31
GO:0034212 	 73
GO:0004810 	 2
GO:0001147 	 2
GO:0050252 	 3
GO:0000257 	 1
GO:0003920 	 2
GO:0002039 	 59
GO:0003921 	 1
GO:0004812 	 55
GO:0043125 	 5
GO:0003922 	 1
GO:0031543 	 13
GO:0050254 	 3
GO:0004813 	 3
GO:0031544 	 4
GO:0003923 	 6
GO:0004814 	 4
GO:0090450 	 1
GO:0031545 	 8
GO:0003924 	 272
GO:0004815 	 2
GO:0033328 	 1
GO:0004816 	 2
GO:0004817 	 3
GO:0004818 	 2
GO:0070851 	 140
GO:0004819 	 1
GO:0070853 	 2
GO:0070856 	 1
GO:0038181 	 4
GO:0038182 	 1
GO:1901363 	 7385
GO:0008781 	 2
GO:0009673 	 1
GO:0008783 	 1
GO:0038186 	 1
GO:0038187 	 18
GO:0018585 	 1
GO:0008785 	 1
GO:0044020 	 4
GO:0043130 	 96
GO:0036002 	 18
GO:0001155 	 1
GO:0016401 	 4
GO:0002046 	 4
GO:0032440 	 1
GO:0036004 	 1
GO:0016402 	 3
GO:0001156 	 2
GO:0016403 	 2
GO:0004820 	 2
GO:0050262 	 2
GO:0016404 	 4
GO:0004821 	 5
GO:0001158 	 85
GO:0016405 	 7
GO:0000268 	 7
GO:0004822 	 3
GO:0001159 	 370
GO:0004823 	 3
GO:0016406 	 6
GO:0050265 	 3
GO:0004824 	 2
GO:0003933 	 1
GO:0036009 	 1
GO:0016407 	 120
GO:0004825 	 2
GO:0003934 	 1
GO:0016408 	 15
GO:0043138 	 10
GO:0086006 	 7
GO:0004826 	 3
GO:0016409 	 51
GO:0043139 	 7
GO:0004827 	 2
GO:0032448 	 1
GO:0086007 	 2
GO:0004828 	 3
GO:0086008 	 8
GO:0003937 	 1
GO:0004829 	 4
GO:0031559 	 1
GO:0003938 	 2
GO:0003939 	 3
GO:0038191 	 2
GO:1904047 	 1
GO:1901375 	 2
GO:0008794 	 1
GO:0001160 	 2
GO:0001161 	 10
GO:0001162 	 7
GO:0008796 	 2
GO:0001163 	 1
GO:0002054 	 4
GO:0008798 	 2
GO:0001164 	 1
GO:0016410 	 116
GO:0002055 	 1
GO:0043140 	 4
GO:0016411 	 20
GO:0043141 	 4
GO:0016412 	 1
GO:0032450 	 3
GO:0043142 	 6
GO:0001167 	 1
GO:0004830 	 3
GO:0060072 	 3
GO:0002058 	 1
GO:0016413 	 7
GO:0032451 	 47
GO:0016414 	 1
GO:0004831 	 4
GO:0032452 	 37
GO:0003940 	 1
GO:0002059 	 1
GO:0016415 	 2
GO:0003941 	 3
GO:0001169 	 1
GO:0032453 	 6
GO:0004832 	 2
GO:0034235 	 8
GO:0032454 	 7
GO:0004833 	 3
GO:0016416 	 4
GO:0034236 	 14
GO:0034237 	 16
GO:0003943 	 3
GO:0016417 	 30
GO:0004835 	 1
GO:0003944 	 1
GO:0046811 	 2
GO:0030674 	 159
GO:0016418 	 3
GO:0050277 	 1
GO:0046812 	 1
GO:0003945 	 4
GO:0016419 	 2
GO:0047704 	 1
GO:0030676 	 14
GO:0004838 	 3
GO:0003947 	 1
GO:0004839 	 4
GO:0003948 	 2
GO:0046817 	 1
GO:0047708 	 2
GO:0070878 	 3
GO:1902271 	 2
GO:0002060 	 3
GO:0002061 	 1
GO:0016420 	 2
GO:0008401 	 3
GO:0016421 	 9
GO:0000285 	 1
GO:0016422 	 3
GO:0008403 	 1
GO:0016423 	 5
GO:0008404 	 1
GO:0000287 	 198
GO:0003950 	 27
GO:0008405 	 1
GO:0003951 	 3
GO:0004842 	 475
GO:0001179 	 2
GO:0003952 	 2
GO:0016426 	 2
GO:0047710 	 2
GO:0004843 	 110
GO:0016427 	 3
GO:0004844 	 5
GO:0008408 	 61
GO:0003953 	 3
GO:0016428 	 1
GO:0003954 	 48
GO:0008409 	 17
GO:1990698 	 1
GO:0016429 	 2
GO:0003955 	 2
GO:1990699 	 1
GO:0090482 	 11
GO:0047714 	 1
GO:0060089 	 2509
GO:0003956 	 5
GO:0003957 	 1
GO:0004849 	 5
GO:0090484 	 22
GO:0003958 	 7
GO:0070883 	 8
GO:0047718 	 3
GO:0070888 	 37
GO:1902282 	 4
GO:0008410 	 4
GO:0019103 	 5
GO:0000293 	 3
GO:0036033 	 4
GO:0060090 	 177
GO:0019104 	 19
GO:0050290 	 1
GO:0001186 	 1
GO:0008413 	 2
GO:0000295 	 6
GO:0016433 	 6
GO:0050291 	 8
GO:0001187 	 1
GO:0004850 	 2
GO:0016434 	 1
GO:0019107 	 2
GO:0051183 	 27
GO:0003960 	 4
GO:0016435 	 2
GO:0004852 	 2
GO:0051184 	 24
GO:0016436 	 4
GO:0051185 	 4
GO:0004853 	 2
GO:0050294 	 4
GO:0008417 	 18
GO:0008418 	 1
GO:0003963 	 1
GO:0043167 	 6473
GO:0004854 	 2
GO:0008419 	 1
GO:0004855 	 2
GO:0042277 	 250
GO:0043168 	 2787
GO:0003964 	 10
GO:0004856 	 1
GO:0030695 	 301
GO:0043169 	 4245
GO:0030696 	 1
GO:0070890 	 2
GO:0004857 	 413
GO:0086038 	 1
GO:0030697 	 1
GO:0039706 	 5
GO:0070891 	 4
GO:0047726 	 1
GO:0003968 	 2
GO:0004859 	 12
GO:0086039 	 3
GO:0070892 	 1
GO:0001190 	 51
GO:0001191 	 86
GO:0002083 	 1
GO:0008420 	 7
GO:0036041 	 14
GO:0019113 	 2
GO:0036042 	 3
GO:0008422 	 3
GO:0042281 	 2
GO:0019115 	 1
GO:0086040 	 1
GO:0051192 	 1
GO:0042282 	 1
GO:0008424 	 2
GO:0004860 	 65
GO:0008425 	 1
GO:0004861 	 13
GO:0019118 	 1
GO:0042284 	 2
GO:0004862 	 9
GO:0008426 	 3
GO:0043175 	 24
GO:0047730 	 1
GO:0003972 	 2
GO:0008427 	 3
GO:0042285 	 8
GO:0019119 	 1
GO:0043176 	 10
GO:0031593 	 43
GO:0003973 	 5
GO:0015556 	 8
GO:0008428 	 3
GO:0004864 	 39
GO:0043177 	 198
GO:0004865 	 8
GO:0003974 	 1
GO:0043178 	 103
GO:0008429 	 8
GO:0042287 	 33
GO:0003975 	 2
GO:0004866 	 205
GO:0042288 	 19
GO:0003976 	 3
GO:0047734 	 1
GO:0004867 	 101
GO:0042289 	 7
GO:0071791 	 2
GO:0003977 	 2
GO:0003978 	 2
GO:0004869 	 60
GO:0003979 	 1
GO:0000900 	 12
GO:0071796 	 1
GO:0046848 	 5
GO:0030305 	 3
GO:0030306 	 7
GO:0070506 	 3
GO:0002094 	 2
GO:0008430 	 9
GO:0008431 	 3
GO:0008432 	 5
GO:0036054 	 1
GO:0042292 	 1
GO:0036055 	 1
GO:0015562 	 4
GO:0043183 	 2
GO:0008434 	 1
GO:0016453 	 4
GO:0003980 	 2
GO:0015563 	 6
GO:0016454 	 5
GO:0043184 	 7
GO:0004871 	 2221
GO:0043185 	 2
GO:0004872 	 2203
GO:0008437 	 1
GO:0004873 	 3
GO:0003983 	 2
GO:0042296 	 4
GO:0004874 	 1
GO:0004875 	 4
GO:0003985 	 3
GO:0004876 	 1
GO:0047743 	 1
GO:0003986 	 3
GO:0089720 	 3
GO:0004877 	 1
GO:0003987 	 3
GO:0098631 	 17
GO:0004878 	 1
GO:0098632 	 11
GO:0003988 	 6
GO:0004879 	 60
GO:0086059 	 1
GO:0098633 	 1
GO:0047747 	 1
GO:0003989 	 3
GO:0098634 	 6
GO:0047749 	 1
GO:0031208 	 2
GO:0051800 	 2
GO:0098639 	 5
GO:0070513 	 10
GO:0061604 	 1
GO:0061605 	 1
GO:0061609 	 2
GO:0008440 	 7
GO:0008441 	 2
GO:0008442 	 2
GO:0019135 	 2
GO:0008443 	 11
GO:0016462 	 1018
GO:0035173 	 22
GO:0008444 	 1
GO:0086060 	 1
GO:0035174 	 12
GO:0019136 	 4
GO:0008445 	 1
GO:0035175 	 3
GO:0086061 	 1
GO:0003990 	 3
GO:0086062 	 2
GO:0008446 	 2
GO:0004882 	 6
GO:0047750 	 2
GO:0086063 	 1
GO:0004883 	 2
GO:0008448 	 1
GO:0047751 	 3
GO:0003993 	 12
GO:0008449 	 5
GO:0003994 	 2
GO:0004886 	 3
GO:0015578 	 1
GO:0003995 	 21
GO:0043199 	 1
GO:0003996 	 1
GO:0098640 	 1
GO:0004887 	 7
GO:0031210 	 19
GO:0098641 	 1
GO:0003997 	 11
GO:0004888 	 1759
GO:0047756 	 3
GO:0003998 	 2
GO:0004889 	 24
GO:0047757 	 2
GO:0003999 	 1
GO:0042903 	 3
GO:0070524 	 1
GO:0008452 	 2
GO:0019144 	 2
GO:0008453 	 4
GO:0019145 	 1
GO:0008454 	 3
GO:0004890 	 20
GO:0035184 	 7
GO:0008455 	 1
GO:0008456 	 1
GO:0008457 	 1
GO:0047760 	 8
GO:0008458 	 1
GO:0046870 	 6
GO:0008459 	 2
GO:0086075 	 3
GO:0046872 	 4136
GO:0004896 	 114
GO:0086077 	 1
GO:0046873 	 584
GO:0004897 	 4
GO:0030331 	 35
GO:0046875 	 27
GO:0030332 	 18
GO:0070530 	 17
GO:0042910 	 4
GO:0030337 	 2
GO:0010736 	 2
GO:0071424 	 1
GO:0052717 	 1
GO:0061627 	 1
GO:0061628 	 1
GO:0070538 	 2
GO:0061629 	 1
GO:0070539 	 1
GO:0008460 	 1
GO:0019153 	 1
GO:0086080 	 9
GO:0008465 	 1
GO:0019158 	 4
GO:0008466 	 2
GO:0008467 	 5
GO:0035197 	 7
GO:0086083 	 6
GO:0035198 	 13
GO:0008469 	 13
GO:0086087 	 1
GO:0004500 	 1
GO:1902936 	 69
GO:0004502 	 1
GO:0086089 	 2
GO:0004503 	 1
GO:0030342 	 1
GO:0004504 	 1
GO:0030343 	 3
GO:0004505 	 4
GO:0072320 	 2
GO:0004506 	 2
GO:0030345 	 6
GO:0061630 	 220
GO:0030346 	 10
GO:0004507 	 3
GO:0032129 	 2
GO:0061631 	 28
GO:0004508 	 2
GO:0043812 	 2
GO:0030348 	 1
GO:0004509 	 1
GO:0042922 	 1
GO:0043813 	 2
GO:0052723 	 5
GO:0052724 	 5
GO:0042923 	 19
GO:0042924 	 1
GO:0052725 	 1
GO:0052726 	 1
GO:0070546 	 4
GO:0070547 	 3
GO:0070548 	 4
GO:0008470 	 2
GO:0018271 	 3
GO:0016491 	 1064
GO:0016492 	 3
GO:0036094 	 2729
GO:0019166 	 3
GO:0008474 	 8
GO:0086090 	 1
GO:0016493 	 14
GO:0008475 	 3
GO:0016494 	 8
GO:0008476 	 2
GO:0016495 	 1
GO:0016496 	 1
GO:0008478 	 2
GO:0016497 	 1
GO:0008479 	 4
GO:0016499 	 2
GO:0047783 	 2
GO:0004510 	 2
GO:0015203 	 2
GO:0004511 	 2
GO:0005402 	 22
GO:0030350 	 3
GO:0004512 	 2
GO:0015204 	 7
GO:0004513 	 1
GO:0047787 	 2
GO:0015205 	 6
GO:0004514 	 3
GO:0032135 	 8
GO:0030354 	 2
GO:0004515 	 4
GO:0015207 	 2
GO:0004516 	 2
GO:0035800 	 1
GO:0032137 	 3
GO:0046899 	 2
GO:0004517 	 5
GO:0032138 	 4
GO:0052731 	 1
GO:0070551 	 1
GO:0032139 	 3
GO:0004518 	 261
GO:0052732 	 1
GO:0004519 	 145
GO:0001846 	 12
GO:0070553 	 1
GO:0001847 	 3
GO:0044715 	 1
GO:0001848 	 19
GO:0044716 	 1
GO:0001849 	 7
GO:0044717 	 1
GO:0042936 	 1
GO:0052739 	 2
GO:0061649 	 1
GO:0019171 	 1
GO:0019172 	 2
GO:0008480 	 1
GO:0008481 	 2
GO:0008482 	 1
GO:0009374 	 4
GO:0008483 	 47
GO:0008484 	 26
GO:0008486 	 4
GO:0009378 	 2
GO:0008488 	 1
GO:0008489 	 1
GO:0015211 	 9
GO:0004520 	 61
GO:0005412 	 2
GO:0032142 	 3
GO:0004521 	 57
GO:0004522 	 4
GO:0032143 	 2
GO:0030362 	 2
GO:0015215 	 23
GO:0004523 	 11
GO:0001850 	 2
GO:0005415 	 3
GO:0032145 	 1
GO:0015216 	 7
GO:0001851 	 2
GO:0004525 	 4
GO:0005416 	 14
GO:0015217 	 3
GO:0015218 	 2
GO:0004526 	 10
GO:0033038 	 18
GO:0072341 	 58
GO:0052740 	 2
GO:0030366 	 2
GO:0004527 	 100
GO:0061650 	 29
GO:0004528 	 5
GO:0001855 	 2
GO:0052741 	 2
GO:0030368 	 8
GO:0004529 	 21
GO:0052742 	 18
GO:0001856 	 1
GO:0072345 	 3
GO:0030369 	 3
GO:0052743 	 6
GO:0042943 	 1
GO:0052744 	 11
GO:0052745 	 21
GO:0042945 	 1
GO:0061656 	 1
GO:0070566 	 30
GO:0070567 	 11
GO:0072349 	 17
GO:0042947 	 1
GO:0044729 	 1
GO:0070568 	 6
GO:0070569 	 8
GO:0061659 	 223
GO:0008493 	 1
GO:0009384 	 2
GO:0008494 	 8
GO:0019187 	 1
GO:0008495 	 1
GO:0033040 	 2
GO:0008499 	 7
GO:0015220 	 4
GO:1990380 	 4
GO:0017002 	 9
GO:0033041 	 2
GO:1990381 	 12
GO:0015222 	 3
GO:0004530 	 2
GO:0017005 	 1
GO:0004531 	 2
GO:0004532 	 35
GO:0030371 	 21
GO:0030372 	 1
GO:0004534 	 1
GO:0015226 	 4
GO:0001861 	 1
GO:0015227 	 1
GO:0004535 	 14
GO:0030374 	 53
GO:0015228 	 2
GO:0030375 	 4
GO:0004536 	 89
GO:0005427 	 2
GO:0015229 	 3
GO:0031267 	 248
GO:0030377 	 2
GO:0030378 	 1
GO:0072354 	 2
GO:0000975 	 995
GO:0051861 	 23
GO:0043843 	 1
GO:0030379 	 1
GO:0070573 	 2
GO:0000976 	 739
GO:0047408 	 1
GO:0000977 	 640
GO:0047409 	 1
GO:0051864 	 7
GO:0061665 	 3
GO:0042954 	 1
GO:0000978 	 350
GO:0044736 	 2
GO:0035827 	 1
GO:0000979 	 51
GO:0070576 	 4
GO:0070577 	 17
GO:0043849 	 1
GO:0070579 	 7
GO:0019198 	 17
GO:0019199 	 119
GO:0015230 	 1
GO:0015232 	 9
GO:0004540 	 105
GO:0030380 	 1
GO:0005432 	 8
GO:0015234 	 6
GO:0008106 	 13
GO:0017016 	 230
GO:0008107 	 2
GO:0017017 	 13
GO:0017018 	 1
GO:0008108 	 1
GO:0000980 	 66
GO:0001871 	 21
GO:0005436 	 13
GO:0001872 	 1
GO:0008109 	 4
GO:0000981 	 786
GO:0015238 	 18
GO:0000982 	 350
GO:0046523 	 1
GO:0000983 	 13
GO:0030387 	 2
GO:0048306 	 61
GO:0001875 	 5
GO:0051870 	 4
GO:0046525 	 1
GO:0004549 	 14
GO:0046527 	 20
GO:0000987 	 368
GO:0000988 	 681
GO:0043855 	 14
GO:0061676 	 2
GO:0000989 	 676
GO:0051879 	 22
GO:0009000 	 1
GO:0017020 	 1
GO:0008111 	 2
GO:0008112 	 1
GO:0017022 	 61
GO:0008113 	 2
GO:0017024 	 1
GO:0004550 	 18
GO:0008115 	 1
GO:0017025 	 18
GO:0004551 	 11
GO:0008116 	 1
GO:0008117 	 2
GO:0009008 	 11
GO:0004553 	 126
GO:0015245 	 11
GO:0008118 	 1
GO:0000990 	 2
GO:0004555 	 2
GO:0008119 	 2
GO:0000991 	 2
GO:0001882 	 1873
GO:0030395 	 3
GO:0015248 	 26
GO:0001883 	 1866
GO:0004556 	 5
GO:0001884 	 2
GO:0000993 	 21
GO:0004557 	 5
GO:0000994 	 1
GO:0004558 	 4
GO:0051880 	 5
GO:0004559 	 19
GO:0001888 	 2
GO:0019807 	 1
GO:0061685 	 1
GO:0043865 	 1
GO:0047429 	 9
GO:0042974 	 43
GO:0019808 	 1
GO:0046538 	 4
GO:0046539 	 1
GO:0042975 	 10
GO:0042978 	 4
GO:0050997 	 49
GO:0042979 	 9
GO:0050998 	 16
GO:0008120 	 1
GO:0008121 	 7
GO:0009013 	 1
GO:0015250 	 16
GO:0008123 	 1
GO:0015252 	 6
GO:0005451 	 12
GO:0008124 	 2
GO:0032181 	 2
GO:0017034 	 7
GO:0004560 	 3
GO:0005452 	 20
GO:0004561 	 1
GO:0032182 	 115
GO:0008126 	 1
GO:0032183 	 13
GO:0015254 	 12
GO:0008127 	 1
GO:0032184 	 6
GO:0004563 	 5
GO:0009019 	 1
GO:0004564 	 1
GO:0019810 	 1
GO:1901702 	 2
GO:0005456 	 1
GO:0019811 	 1
GO:0004565 	 6
GO:0003674 	 36731
GO:0004566 	 3
GO:0016149 	 3
GO:0061690 	 1
GO:0035851 	 1
GO:0004567 	 1
GO:0003676 	 5021
GO:0005459 	 2
GO:0003677 	 3026
GO:0004568 	 7
GO:0004569 	 2
GO:0003678 	 61
GO:0043874 	 2
GO:0061697 	 1
GO:0044769 	 28
GO:0042988 	 1
GO:0017040 	 6
GO:0016150 	 2
GO:0008131 	 6
GO:0017042 	 2
GO:0016151 	 4
GO:0032190 	 4
GO:0016153 	 2
GO:0005461 	 1
GO:0008134 	 582
GO:0005462 	 2
GO:0004571 	 11
GO:0016154 	 1
GO:0008135 	 119
GO:0003680 	 9
GO:0016155 	 2
GO:0003681 	 1
GO:0004572 	 2
GO:0017046 	 42
GO:0005464 	 1
GO:0004573 	 1
GO:0015265 	 2
GO:0008137 	 42
GO:0003682 	 481
GO:0004574 	 1
GO:0015266 	 4
GO:0017048 	 81
GO:0008138 	 55
GO:0004575 	 1
GO:0017049 	 17
GO:0008139 	 11
GO:0015267 	 698
GO:0003684 	 62
GO:0047442 	 1
GO:0004576 	 15
GO:0004577 	 2
GO:0047444 	 1
GO:0015269 	 22
GO:0004578 	 1
GO:0046554 	 1
GO:0003688 	 9
GO:0019825 	 47
GO:0004579 	 12
GO:0046556 	 2
GO:0019826 	 3
GO:0003689 	 7
GO:0052794 	 4
GO:0019828 	 2
GO:0052795 	 4
GO:0052796 	 4
GO:0019829 	 73
GO:0051500 	 2
GO:0052798 	 1
GO:0050610 	 2
GO:0034979 	 21
GO:0050613 	 1
GO:0050614 	 1
GO:0080019 	 3
GO:0017050 	 2
GO:0008140 	 10
GO:0009032 	 1
GO:0016160 	 6
GO:0008142 	 5
GO:0015271 	 12
GO:0008143 	 14
GO:0015272 	 5
GO:0008144 	 114
GO:0005471 	 1
GO:0004581 	 1
GO:0003690 	 121
GO:0004582 	 4
GO:0017056 	 11
GO:0008146 	 85
GO:0003691 	 7
GO:0016165 	 2
GO:0004583 	 2
GO:0003692 	 1
GO:0015275 	 1
GO:0017057 	 2
GO:0008147 	 2
GO:0004584 	 1
GO:0016167 	 3
GO:0047451 	 1
GO:0015276 	 211
GO:0004585 	 2
GO:0015277 	 5
GO:0047453 	 1
GO:0005477 	 1
GO:0004586 	 3
GO:0035870 	 2
GO:0015278 	 25
GO:0015279 	 11
GO:0004587 	 1
GO:0043890 	 1
GO:0003696 	 7
GO:0004588 	 2
GO:0043891 	 3
GO:0003697 	 89
GO:0019834 	 4
GO:0030020 	 6
GO:0030021 	 6
GO:0010420 	 1
GO:0030023 	 4
GO:0019838 	 146
GO:0034986 	 1
GO:0035877 	 5
GO:0034987 	 11
GO:0001515 	 5
GO:0034988 	 2
GO:0001517 	 8
GO:0060422 	 1
GO:0042602 	 1
GO:0070224 	 1
GO:0010428 	 1
GO:0080025 	 20
GO:0042605 	 37
GO:0042608 	 6
GO:0042609 	 5
GO:0017060 	 3
GO:0009041 	 3
GO:0017061 	 2
GO:0015280 	 11
GO:0004590 	 2
GO:0017064 	 1
GO:0017065 	 1
GO:0016174 	 7
GO:0004591 	 5
GO:0005483 	 3
GO:0016175 	 12
GO:0008157 	 16
GO:0016176 	 6
GO:0005484 	 37
GO:0004594 	 4
GO:0046570 	 1
GO:0008158 	 10
GO:0019840 	 38
GO:0004595 	 1
GO:0019841 	 13
GO:0017069 	 29
GO:0004596 	 12
GO:0005487 	 13
GO:0019842 	 82
GO:0015288 	 6
GO:0047464 	 1
GO:0005488 	 25220
GO:0019843 	 50
GO:0004597 	 1
GO:0004598 	 1
GO:0046577 	 1
GO:0042610 	 2
GO:0032810 	 2
GO:0032813 	 56
GO:0051525 	 5
GO:0008160 	 2
GO:0017070 	 11
GO:0015291 	 314
GO:0015292 	 1
GO:0009055 	 114
GO:0015293 	 173
GO:0017075 	 19
GO:0015294 	 126
GO:0017076 	 1912
GO:0017077 	 2
GO:0015295 	 31
GO:0015296 	 65
GO:0008168 	 275
GO:0008169 	 1
GO:1990050 	 6
GO:0005496 	 94
GO:0015297 	 107
GO:0015298 	 35
GO:0005497 	 4
GO:0015299 	 19
GO:0048365 	 41
GO:0005499 	 7
GO:0019855 	 11
GO:0001530 	 23
GO:0097472 	 34
GO:0001532 	 1
GO:0034602 	 1
GO:0001537 	 6
GO:0034603 	 5
GO:0042623 	 356
GO:0034604 	 5
GO:0042624 	 1
GO:0043515 	 4
GO:0042625 	 77
GO:0080048 	 1
GO:0042626 	 129
GO:0051536 	 66
GO:0050646 	 1
GO:0051537 	 22
GO:0050647 	 1
GO:0051538 	 2
GO:0050648 	 1
GO:0051539 	 41
GO:0050649 	 1
GO:0008170 	 108
GO:0017080 	 40
GO:0008171 	 26
GO:0017081 	 16
GO:0017082 	 1
GO:0008172 	 12
GO:0008173 	 46
GO:0008174 	 8
GO:0008175 	 18
GO:0008176 	 2
GO:0008177 	 3
GO:0017089 	 4
GO:0008179 	 11
GO:0046592 	 2
GO:0019862 	 3
GO:0019863 	 5
GO:0019864 	 12
GO:0047485 	 100
GO:0005102 	 1943
GO:0019865 	 22
GO:0005104 	 24
GO:0001540 	 37
GO:0005105 	 5
GO:0055100 	 3
GO:0035500 	 1
GO:0055102 	 17
GO:0019869 	 9
GO:0035501 	 1
GO:0055103 	 11
GO:0070251 	 1
GO:0005109 	 40
GO:0051540 	 66
GO:0043522 	 10
GO:0055105 	 2
GO:0055106 	 10
GO:0034617 	 4
GO:0045309 	 25
GO:0050656 	 6
GO:0034618 	 5
GO:0070259 	 3
GO:0050659 	 2
GO:0017091 	 23
GO:0008184 	 6
GO:0017095 	 3
GO:0017096 	 1
GO:0008186 	 67
GO:0008187 	 15
GO:0017098 	 2
GO:0008188 	 55
GO:0019870 	 8
GO:0017099 	 2
GO:0019871 	 5
GO:0047493 	 2
GO:0005110 	 2
GO:0005111 	 5
GO:0030060 	 4
GO:0005112 	 19
GO:0004222 	 113
GO:0005113 	 8
GO:0005114 	 15
GO:0005115 	 1
GO:0047498 	 8
GO:0097493 	 6
GO:0047499 	 4
GO:0070260 	 2
GO:0036402 	 6
GO:0010465 	 2
GO:0043531 	 31
GO:0016801 	 15
GO:0036403 	 1
GO:0005119 	 3
GO:0043532 	 2
GO:0050660 	 77
GO:0016802 	 1
GO:0035514 	 4
GO:0043533 	 4
GO:0016803 	 14
GO:0032841 	 2
GO:0050661 	 47
GO:0035515 	 2
GO:0050662 	 198
GO:0035516 	 1
GO:0016805 	 14
GO:0033735 	 1
GO:0050664 	 19
GO:0016807 	 1
GO:0033737 	 1
GO:0043539 	 20
GO:0031957 	 8
GO:0008190 	 11
GO:0008191 	 16
GO:0008192 	 4
GO:0008193 	 3
GO:0008194 	 181
GO:0008195 	 13
GO:0008198 	 22
GO:0008199 	 10
GO:1990081 	 1
GO:0005123 	 20
GO:0005124 	 1
GO:0019887 	 153
GO:0005125 	 236
GO:0005126 	 361
GO:0019888 	 85
GO:0005127 	 5
GO:0005128 	 2
GO:0045322 	 5
GO:0016810 	 161
GO:0097100 	 4
GO:0016811 	 87
GO:0047105 	 1
GO:0005129 	 1
GO:0034632 	 1
GO:0016812 	 10
GO:0071164 	 1
GO:0001567 	 1
GO:0015922 	 1
GO:0070273 	 20
GO:0016813 	 12
GO:0033743 	 4
GO:0015923 	 21
GO:0016814 	 44
GO:0043544 	 1
GO:0016815 	 1
GO:0015924 	 13
GO:0015925 	 11
GO:0043546 	 5
GO:0033746 	 1
GO:0016817 	 1022
GO:0015926 	 16
GO:0015927 	 2
GO:0035529 	 3
GO:0016818 	 1020
GO:0043548 	 32
GO:0097108 	 4
GO:0015928 	 3
GO:0042658 	 1
GO:0033749 	 1
GO:0015929 	 17
GO:0097109 	 6
GO:1904454 	 1
GO:1904455 	 2
GO:0005130 	 1
GO:0005131 	 8
GO:0005132 	 18
GO:0019894 	 36
GO:0005133 	 2
GO:0005134 	 6
GO:0005135 	 2
GO:0005136 	 2
GO:0055131 	 6
GO:0005137 	 2
GO:0019899 	 1830
GO:0016820 	 131
GO:0010484 	 3
GO:0005138 	 8
GO:0005139 	 1
GO:0097110 	 47
GO:0008802 	 1
GO:0010485 	 16
GO:0047115 	 4
GO:0016822 	 6
GO:0008803 	 1
GO:0070283 	 2
GO:0080084 	 3
GO:0047117 	 1
GO:0016823 	 6
GO:0015932 	 36
GO:0050681 	 40
GO:0050682 	 3
GO:0050683 	 1
GO:0033754 	 3
GO:0016826 	 1
GO:0051575 	 5
GO:0070287 	 1
GO:0008808 	 2
GO:0035538 	 1
GO:0034647 	 1
GO:0034648 	 3
GO:0035539 	 2
GO:0034649 	 1
GO:0043559 	 8
GO:0016829 	 220
GO:0005140 	 1
GO:0005141 	 2
GO:0005142 	 1
GO:0005143 	 6
GO:0004252 	 161
GO:0005144 	 1
GO:0045340 	 2
GO:0005146 	 3
GO:0005147 	 1
GO:0070290 	 5
GO:0043560 	 11
GO:0005148 	 4
GO:0016830 	 68
GO:0008812 	 1
GO:0005149 	 20
GO:0016831 	 46
GO:0016832 	 12
GO:0036435 	 4
GO:0001587 	 1
GO:0016833 	 8
GO:0048018 	 16
GO:0047127 	 1
GO:0050692 	 1
GO:0001588 	 3
GO:0048019 	 11
GO:0050693 	 4
GO:0043565 	 1178
GO:0016835 	 78
GO:0033764 	 32
GO:0008817 	 2
GO:0050694 	 7
GO:0033765 	 3
GO:0043566 	 287
GO:0016836 	 55
GO:0016838 	 3
GO:0050698 	 3
GO:0050699 	 33
GO:0005150 	 2
GO:0005151 	 2
GO:0005152 	 4
GO:0048020 	 42
GO:0005153 	 2
GO:0047130 	 1
GO:0005154 	 30
GO:0047131 	 2
GO:0001591 	 5
GO:0036440 	 2
GO:0005157 	 3
GO:0047134 	 2
GO:0001594 	 7
GO:0008821 	 6
GO:0045352 	 1
GO:0005158 	 32
GO:0016840 	 14
GO:0036442 	 28
GO:0045353 	 1
GO:0016841 	 8
GO:0001595 	 7
GO:0005159 	 16
GO:0008823 	 3
GO:0016842 	 5
GO:0001596 	 2
GO:0048027 	 7
GO:0016843 	 1
GO:0016844 	 1
GO:0048029 	 69
GO:0016846 	 11
GO:0031994 	 10
GO:0031995 	 9
GO:0016849 	 32
GO:0031996 	 15
GO:0033778 	 1
GO:0031997 	 3
GO:1990715 	 1
GO:0000309 	 4
GO:0050308 	 12
GO:0050309 	 3
GO:0070905 	 3
GO:0005160 	 59
GO:0005161 	 17
GO:0005163 	 2
GO:0048030 	 3
GO:0005164 	 30
GO:0005165 	 13
GO:0005166 	 3
GO:0005167 	 8
GO:0005168 	 7
GO:0008832 	 1
GO:0005169 	 2
GO:0033780 	 1
GO:0033781 	 1
GO:0048037 	 282
GO:0033782 	 1
GO:0036455 	 1
GO:0048038 	 18
GO:0016853 	 191
GO:0033783 	 1
GO:0016854 	 23
GO:0018636 	 3
GO:0048039 	 4
GO:0016855 	 2
GO:0036458 	 1
GO:0016857 	 16
GO:0036459 	 122
GO:0001205 	 28
GO:0016859 	 46
GO:0001206 	 10
GO:0050313 	 2
GO:1904492 	 1
GO:1904493 	 1
GO:0070915 	 4
GO:0005170 	 1
GO:0005171 	 2
GO:0005172 	 12
GO:0048040 	 1
GO:0005173 	 3
GO:0047150 	 3
GO:0005174 	 2
GO:0005175 	 1
GO:0019531 	 12
GO:0005176 	 4
GO:0036461 	 2
GO:0005178 	 118
GO:0016860 	 59
GO:0019534 	 7
GO:0016861 	 10
GO:0005179 	 137
GO:0033791 	 1
GO:0016862 	 1
GO:0008843 	 1
GO:0016863 	 16
GO:0035575 	 16
GO:0016864 	 23
GO:0097153 	 11
GO:0047159 	 1
GO:0016866 	 39
GO:0036468 	 1
GO:0097157 	 7
GO:0016868 	 23
GO:0032500 	 1
GO:0097158 	 1
GO:0042301 	 12
GO:0033798 	 1
GO:0097159 	 7483
GO:0050321 	 14
GO:0051213 	 114
GO:1990738 	 1
GO:0051219 	 58
GO:0071813 	 27
GO:0030729 	 1
GO:0071814 	 27
GO:0005183 	 2
GO:0005184 	 28
GO:0005185 	 2
GO:0036470 	 1
GO:0097160 	 1
GO:0004298 	 21
GO:0047166 	 1
GO:0016872 	 2
GO:0008853 	 4
GO:0097161 	 1
GO:0097162 	 1
GO:0001221 	 15
GO:0016874 	 480
GO:0002113 	 1
GO:0001222 	 8
GO:0016875 	 55
GO:0035586 	 32
GO:0036478 	 1
GO:0002114 	 1
GO:0001223 	 4
GO:0016876 	 55
GO:0036479 	 1
GO:0001224 	 1
GO:0016877 	 51
GO:0000334 	 2
GO:0008859 	 1
GO:0016878 	 19
GO:0001226 	 1
GO:0016879 	 72
GO:0001227 	 173
GO:0001228 	 347
GO:0050333 	 2
GO:0030731 	 1
GO:0000339 	 13
GO:0031624 	 33
GO:0043208 	 8
GO:0031625 	 255
GO:0030735 	 1
GO:0031626 	 1
GO:0071820 	 1
GO:0031628 	 6
GO:0047173 	 1
GO:0016880 	 2
GO:0005198 	 742
GO:0035591 	 80
GO:0005199 	 1
GO:0016881 	 23
GO:0016882 	 4
GO:0035594 	 1
GO:0000340 	 3
GO:0008865 	 4
GO:0016884 	 16
GO:0035596 	 1
GO:0047179 	 2
GO:0016885 	 10
GO:0036487 	 1
GO:0016886 	 11
GO:0035598 	 1
GO:0016887 	 508
GO:0097177 	 2
GO:0016888 	 16
GO:0016889 	 9
GO:0004900 	 1
GO:0042324 	 1
GO:0004902 	 1
GO:0030742 	 18
GO:0004904 	 5
GO:0050346 	 1
GO:0004905 	 2
GO:0050347 	 2
GO:0090541 	 2
GO:0004906 	 2
GO:0042328 	 2
GO:0004908 	 11
GO:0030748 	 1
GO:0004909 	 2
GO:0071837 	 18
GO:0047184 	 7
GO:0016890 	 2
GO:0016891 	 31
GO:0016892 	 10
GO:0016893 	 46
GO:0018675 	 2
GO:0018676 	 2
GO:0016894 	 19
GO:0016895 	 21
GO:0016896 	 34
GO:0002134 	 2
GO:0002135 	 1
GO:0016898 	 1
GO:0043221 	 1
GO:0016899 	 6
GO:0004910 	 2
GO:0004911 	 4
GO:0050353 	 2
GO:0004912 	 2
GO:0050354 	 2
GO:0004913 	 2
GO:0015605 	 25
GO:0050355 	 1
GO:0004914 	 2
GO:0004915 	 2
GO:0015607 	 2
GO:0004917 	 2
GO:0004918 	 2
GO:0090554 	 2
GO:0004919 	 1
GO:0047191 	 1
GO:0047192 	 3
GO:0047196 	 2
GO:0018685 	 5
GO:0047198 	 1
GO:0008887 	 1
GO:0016500 	 13
GO:0008889 	 8
GO:0016502 	 28
GO:0016503 	 6
GO:0036105 	 1
GO:0004920 	 2
GO:0097199 	 6
GO:0032542 	 1
GO:0004921 	 1
GO:0016504 	 36
GO:0016505 	 20
GO:0004923 	 2
GO:0043236 	 30
GO:0004924 	 3
GO:0015616 	 3
GO:0043237 	 6
GO:0004925 	 1
GO:0016508 	 3
GO:0090560 	 1
GO:0016509 	 2
GO:0032549 	 1866
GO:0046904 	 1
GO:0046906 	 141
GO:0071855 	 31
GO:0008890 	 1
GO:0008891 	 2
GO:1901474 	 8
GO:0008892 	 1
GO:0008893 	 1
GO:1901476 	 57
GO:0002151 	 3
GO:0008894 	 1
GO:0002153 	 1
GO:0008897 	 1
GO:0008898 	 3
GO:0032550 	 1863
GO:0032551 	 2
GO:0004930 	 1022
GO:1990782 	 48
GO:0004931 	 10
GO:0032552 	 5
GO:0051264 	 1
GO:0035226 	 1
GO:0032553 	 1919
GO:0047800 	 1
GO:0051265 	 1
GO:0060175 	 1
GO:0045028 	 14
GO:0032554 	 4
GO:0042356 	 1
GO:0045029 	 2
GO:0016517 	 1
GO:0047801 	 1
GO:0032555 	 1902
GO:0032556 	 1
GO:0051267 	 1
GO:0034338 	 1
GO:0004935 	 15
GO:0046911 	 1
GO:0032557 	 3
GO:0016519 	 1
GO:0046912 	 6
GO:0004936 	 9
GO:0032558 	 3
GO:0004937 	 5
GO:0047804 	 2
GO:0050379 	 1
GO:0071862 	 2
GO:0046914 	 1454
GO:0032559 	 1527
GO:0004938 	 4
GO:0004939 	 6
GO:0046915 	 47
GO:0070975 	 1
GO:0070976 	 1
GO:0002161 	 11
GO:0002162 	 9
GO:0010181 	 16
GO:0045030 	 2
GO:0045031 	 2
GO:0043250 	 1
GO:0045032 	 1
GO:0016520 	 4
GO:0036122 	 9
GO:0000384 	 1
GO:0008502 	 4
GO:0016521 	 1
GO:0032560 	 1
GO:0015631 	 293
GO:0008503 	 11
GO:0000386 	 4
GO:0008504 	 13
GO:0004940 	 1
GO:0032561 	 413
GO:0016524 	 2
GO:0015633 	 1
GO:0004941 	 1
GO:0004942 	 3
GO:0015635 	 1
GO:0008507 	 1
GO:0032564 	 3
GO:0004943 	 1
GO:0015636 	 1
GO:0008508 	 6
GO:0046920 	 8
GO:0004944 	 2
GO:0046921 	 2
GO:0008509 	 399
GO:0004945 	 5
GO:0032567 	 1
GO:0046922 	 3
GO:0004946 	 3
GO:0046923 	 5
GO:0015639 	 1
GO:0004947 	 2
GO:0004948 	 4
GO:0004949 	 3
GO:0070984 	 1
GO:1902387 	 1
GO:1902388 	 1
GO:0019200 	 30
GO:0009400 	 1
GO:0019201 	 25
GO:0008510 	 8
GO:0036131 	 1
GO:0019202 	 1
GO:0035240 	 9
GO:0035241 	 3
GO:0036132 	 2
GO:0008511 	 3
GO:0019203 	 14
GO:0016530 	 7
GO:0035242 	 8
GO:0016531 	 5
GO:0035243 	 3
GO:0008513 	 2
GO:0019205 	 63
GO:0016532 	 3
GO:0043262 	 3
GO:0034353 	 1
GO:0019206 	 16
GO:0008514 	 225
GO:0004950 	 38
GO:0016534 	 2
GO:0031681 	 9
GO:0019207 	 173
GO:0015643 	 11
GO:0004951 	 2
GO:0030791 	 1
GO:0031682 	 1
GO:0004952 	 9
GO:0019208 	 99
GO:0036137 	 6
GO:0030792 	 1
GO:0032574 	 1
GO:0008517 	 8
GO:0015645 	 21
GO:0031683 	 21
GO:0019209 	 64
GO:0004953 	 21
GO:0036139 	 1
GO:0008518 	 1
GO:0032575 	 1
GO:0004954 	 12
GO:0035248 	 1
GO:0004955 	 11
GO:0031685 	 4
GO:0051287 	 52
GO:0008519 	 28
GO:0016538 	 29
GO:0004956 	 2
GO:0031686 	 1
GO:0070990 	 1
GO:0004957 	 5
GO:0031687 	 1
GO:0046933 	 11
GO:0042379 	 100
GO:0004958 	 2
GO:0046934 	 5
GO:0070991 	 2
GO:0046935 	 6
GO:0071884 	 1
GO:1990405 	 4
GO:0071885 	 2
GO:0071886 	 2
GO:0070996 	 4
GO:0090599 	 11
GO:0071889 	 19
GO:0019210 	 69
GO:0036140 	 2
GO:0019211 	 11
GO:0008520 	 2
GO:0019212 	 44
GO:0035250 	 23
GO:0008521 	 1
GO:0035251 	 12
GO:0019213 	 64
GO:0035252 	 6
GO:0036143 	 1
GO:0008523 	 2
GO:0015651 	 8
GO:0019215 	 12
GO:0004960 	 1
GO:0031690 	 20
GO:0035254 	 34
GO:0043273 	 1
GO:0004961 	 1
GO:0008525 	 5
GO:0035255 	 20
GO:0043274 	 18
GO:0031691 	 2
GO:0008526 	 6
GO:0004962 	 3
GO:0031692 	 3
GO:0035256 	 8
GO:0008527 	 34
GO:0004963 	 1
GO:0035257 	 170
GO:0004964 	 1
GO:0031694 	 5
GO:0008528 	 178
GO:0035258 	 81
GO:0004965 	 3
GO:0031695 	 1
GO:0035259 	 9
GO:0071890 	 1
GO:0015658 	 2
GO:0004966 	 3
GO:0031696 	 2
GO:0015659 	 1
GO:0004967 	 3
GO:0046943 	 169
GO:0031697 	 3
GO:0004968 	 2
GO:0031698 	 5
GO:0004969 	 7
GO:0031699 	 2
GO:0000009 	 2
GO:0047837 	 1
GO:0030407 	 2
GO:0030409 	 1
GO:0008531 	 2
GO:0002196 	 1
GO:0015660 	 1
GO:0008532 	 4
GO:0042392 	 3
GO:0008534 	 3
GO:0004970 	 23
GO:0015662 	 42
GO:0000010 	 2
GO:0004971 	 4
GO:0042393 	 184
GO:0004972 	 9
GO:0008536 	 30
GO:0047840 	 1
GO:0015665 	 22
GO:0004974 	 9
GO:0000014 	 7
GO:1990422 	 1
GO:0047844 	 3
GO:0004977 	 11
GO:0000016 	 1
GO:0004978 	 1
GO:0004979 	 1
GO:0030412 	 2
GO:0030414 	 216
GO:0070611 	 1
GO:0070612 	 1
GO:0051903 	 1
GO:0070615 	 1
GO:0051908 	 1
GO:0044183 	 11
GO:0004980 	 4
GO:0008545 	 2
GO:0019237 	 7
GO:0043295 	 11
GO:0004982 	 3
GO:0035276 	 3
GO:0019238 	 6
GO:0004983 	 15
GO:0019239 	 45
GO:0004984 	 433
GO:1990430 	 3
GO:0004985 	 12
GO:0046961 	 23
GO:0000026 	 3
GO:0046964 	 1
GO:0050023 	 1
GO:0047856 	 1
GO:0046965 	 15
GO:0046966 	 30
GO:0042007 	 1
GO:0046969 	 2
GO:0042008 	 1
GO:0061711 	 2
GO:0098748 	 9
GO:0061712 	 1
GO:0030429 	 3
GO:0001918 	 1
GO:0061714 	 1
GO:0070626 	 1
GO:0051916 	 1
GO:0070628 	 16
GO:0008553 	 7
GO:0008554 	 1
GO:0004990 	 1
GO:0008555 	 1
GO:0000030 	 33
GO:0004991 	 2
GO:0004992 	 3
GO:0008556 	 15
GO:0047860 	 1
GO:0004993 	 20
GO:0046970 	 1
GO:0000033 	 4
GO:0004994 	 5
GO:0004995 	 5
GO:0008559 	 3
GO:0004996 	 2
GO:0046972 	 9
GO:0000035 	 1
GO:0050031 	 2
GO:0004997 	 1
GO:0000036 	 1
GO:0047865 	 1
GO:0004998 	 4
GO:0046974 	 7
GO:0003700 	 1607
GO:0046975 	 8
GO:1990444 	 1
GO:0004999 	 3
GO:0042015 	 3
GO:0046976 	 4
GO:0046977 	 9
GO:0042017 	 1
GO:0046978 	 5
GO:0042018 	 1
GO:0032217 	 3
GO:0046979 	 4
GO:0003705 	 101
GO:0050038 	 1
GO:0042019 	 2
GO:0051920 	 9
GO:0003707 	 63
GO:0003708 	 8
GO:0052813 	 5
GO:0052814 	 1
GO:0052815 	 2
GO:0052816 	 1
GO:0052817 	 1
GO:0008565 	 98
GO:0046980 	 2
GO:0008568 	 8
GO:0035299 	 1
GO:1990450 	 1
GO:0048763 	 3
GO:0008569 	 1
GO:0042020 	 2
GO:0046982 	 486
GO:0047874 	 2
GO:0046983 	 1251
GO:0004601 	 51
GO:0004602 	 19
GO:0004603 	 1
GO:0003712 	 621
GO:0000049 	 45
GO:0003713 	 345
GO:0003714 	 230
GO:0004605 	 5
GO:0010844 	 1
GO:0004607 	 2
GO:1990459 	 9
GO:0004608 	 1
GO:0061731 	 6
GO:0071532 	 3
GO:0052821 	 1
GO:0052822 	 1
GO:0004609 	 2
GO:0061733 	 63
GO:0070643 	 3
GO:0043914 	 2
GO:0070644 	 3
GO:0071535 	 4
GO:0052825 	 1
GO:0052826 	 1
GO:0043916 	 1
GO:0052827 	 1
GO:0052829 	 1
GO:0008574 	 18
GO:0016594 	 15
GO:0016595 	 10
GO:0016597 	 102
GO:0008579 	 1
GO:1990460 	 3
GO:0042030 	 5
GO:0034012 	 1
GO:0015301 	 41
GO:0004610 	 2
GO:0005501 	 36
GO:0050051 	 4
GO:0005502 	 3
GO:0004611 	 3
GO:0003720 	 6
GO:0003721 	 3
GO:0005503 	 1
GO:0098772 	 1438
GO:0004613 	 2
GO:0005504 	 30
GO:0047888 	 1
GO:0004614 	 4
GO:0010851 	 9
GO:0003723 	 1922
GO:0046997 	 2
GO:0010852 	 1
GO:0004615 	 2
GO:0005506 	 169
GO:0003724 	 76
GO:0004616 	 4
GO:0010853 	 7
GO:0003725 	 64
GO:0005507 	 61
GO:0004617 	 1
GO:0052830 	 1
GO:0010854 	 1
GO:0003726 	 4
GO:0045703 	 1
GO:0004618 	 4
GO:0052831 	 1
GO:0010855 	 1
GO:0003727 	 62
GO:0005509 	 695
GO:0052832 	 3
GO:0004619 	 10
GO:0052833 	 3
GO:0003729 	 144
GO:0070653 	 3
GO:0010857 	 11
GO:0010858 	 3
GO:0043924 	 1
GO:0052834 	 6
GO:0001948 	 96
GO:0052835 	 1
GO:0010859 	 1
GO:0000062 	 30
GO:0000064 	 6
GO:0033130 	 8
GO:0047894 	 3
GO:0004620 	 112
GO:0050061 	 1
GO:0050062 	 2
GO:0004621 	 2
GO:0003730 	 44
GO:0042043 	 18
GO:0098782 	 1
GO:0004622 	 14
GO:0015315 	 3
GO:0004623 	 34
GO:0016206 	 2
GO:0010861 	 4
GO:0005515 	 15050
GO:0005516 	 185
GO:0016208 	 11
GO:0016209 	 88
GO:0003735 	 195
GO:0052840 	 4
GO:0015319 	 3
GO:0005518 	 68
GO:0052841 	 4
GO:0005519 	 1
GO:0044822 	 1228
GO:0052842 	 4
GO:0071553 	 5
GO:0004629 	 38
GO:0052843 	 4
GO:0052844 	 4
GO:0052845 	 4
GO:0052846 	 4
GO:0052847 	 4
GO:0071558 	 5
GO:0052848 	 4
GO:0051959 	 1
GO:0008597 	 3
GO:0008599 	 14
GO:0015320 	 1
GO:0016211 	 2
GO:0015321 	 8
GO:0016212 	 6
GO:0005520 	 33
GO:0016213 	 1
GO:0033142 	 2
GO:0004630 	 7
GO:0005521 	 14
GO:0015322 	 2
GO:0050072 	 3
GO:0004631 	 1
GO:0005522 	 9
GO:0004632 	 2
GO:0016215 	 3
GO:0042054 	 76
GO:0005523 	 15
GO:0004633 	 2
GO:0005524 	 1478
GO:0004634 	 4
GO:0003743 	 69
GO:0005525 	 377
GO:0042056 	 25
GO:0017108 	 7
GO:0015327 	 1
GO:0034038 	 1
GO:0015328 	 1
GO:0034039 	 1
GO:0005527 	 19
GO:0033149 	 2
GO:0004637 	 1
GO:0005528 	 19
GO:0003746 	 17
GO:0052851 	 3
GO:0004638 	 1
GO:0003747 	 9
GO:0001965 	 17
GO:0052852 	 2
GO:0004639 	 1
GO:0031369 	 29
GO:0052853 	 2
GO:0052854 	 2
GO:0035925 	 7
GO:0001968 	 28
GO:0071566 	 1
GO:0052855 	 1
GO:0052856 	 1
GO:0071567 	 2
GO:0052857 	 1
GO:0071568 	 2
GO:0097506 	 5
GO:0052858 	 1
GO:0070678 	 1
GO:0070679 	 9
GO:0008200 	 41
GO:0017110 	 13
GO:0034040 	 3
GO:0017111 	 959
GO:0008201 	 150
GO:0034041 	 2
GO:0017112 	 33
GO:0050080 	 1
GO:0017113 	 4
GO:0016223 	 1
GO:0031370 	 1
GO:0015333 	 2
GO:0004641 	 1
GO:0017116 	 2
GO:0015334 	 1
GO:0004642 	 1
GO:0034046 	 4
GO:0005534 	 4
GO:0004643 	 1
GO:0004644 	 1
GO:0048403 	 2
GO:0032266 	 30
GO:0005536 	 11
GO:0004645 	 9
GO:0001972 	 15
GO:0003755 	 44
GO:0005537 	 20
GO:0016229 	 36
GO:0004647 	 6
GO:0003756 	 23
GO:0004648 	 3
GO:0046624 	 5
GO:0048406 	 5
GO:0005539 	 203
GO:0004649 	 2
GO:0046625 	 13
GO:0048407 	 13
GO:0048408 	 2
GO:0052866 	 33
GO:0035939 	 3
GO:0052869 	 3
GO:0016230 	 1
GO:0016231 	 1
GO:0000095 	 1
GO:0005540 	 22
GO:0017124 	 118
GO:0017125 	 1
GO:0004651 	 2
GO:0005542 	 14
GO:0004652 	 10
GO:0005543 	 378
GO:0030492 	 5
GO:0004653 	 20
GO:0034056 	 4
GO:0017127 	 21
GO:0005544 	 55
GO:0000099 	 8
GO:0004654 	 1
GO:0017128 	 12
GO:0019900 	 608
GO:0005545 	 19
GO:0047522 	 2
GO:0015347 	 22
GO:0005546 	 49
GO:0019901 	 540
GO:0004655 	 2
GO:0017129 	 2
GO:0031386 	 8
GO:0004656 	 4
GO:0005547 	 33
GO:0019902 	 159
GO:0015349 	 3
GO:0004657 	 2
GO:0052870 	 2
GO:0005548 	 57
GO:0019903 	 116
GO:0005549 	 84
GO:0004658 	 2
GO:0052871 	 2
GO:0019904 	 634
GO:0052872 	 1
GO:0019905 	 88
GO:0004659 	 23
GO:0070694 	 2
GO:0070696 	 14
GO:0070697 	 5
GO:0070698 	 2
GO:0070699 	 3
GO:1902098 	 1
GO:0015350 	 2
GO:0033170 	 7
GO:0034061 	 40
GO:0005550 	 1
GO:0018024 	 58
GO:0034062 	 58
GO:0018025 	 1
GO:0004660 	 2
GO:0017134 	 23
GO:0042083 	 2
GO:0004661 	 9
GO:0042084 	 2
GO:0017136 	 18
GO:0004662 	 2
GO:0008227 	 61
GO:0017137 	 93
GO:0004663 	 5
GO:0016247 	 150
GO:0019911 	 5
GO:0016248 	 42
GO:0003774 	 159
GO:0004666 	 3
GO:0019912 	 1
GO:0004667 	 4
GO:0051990 	 1
GO:0004668 	 5
GO:0003777 	 88
GO:0047536 	 2
GO:0003779 	 422
GO:0052884 	 1
GO:0000700 	 3
GO:0052885 	 1
GO:0000701 	 1
GO:0000702 	 5
GO:0080101 	 1
GO:0000703 	 2
GO:0070300 	 12
GO:0051996 	 1
GO:0030107 	 1
GO:0050700 	 9
GO:0051998 	 8
GO:0030108 	 1
GO:0030109 	 2
GO:0016250 	 1
GO:0015361 	 1
GO:0008233 	 906
GO:0015362 	 1
GO:0008234 	 255
GO:0004671 	 1
GO:0008235 	 57
GO:0008236 	 225
GO:0004672 	 1048
GO:0004673 	 9
GO:0017147 	 31
GO:0008237 	 234
GO:0004674 	 639
GO:0008238 	 137
GO:0032296 	 4
GO:0015367 	 1
GO:0008239 	 10
GO:0004675 	 32
GO:0033188 	 2
GO:0015368 	 14
GO:0004676 	 1
GO:0003785 	 24
GO:0052890 	 16
GO:0004677 	 4
GO:0047545 	 1
GO:0030110 	 1
GO:0004679 	 7
GO:0052894 	 1
GO:0001601 	 4
GO:0052895 	 1
GO:0031005 	 9
GO:0001602 	 4
GO:0044877 	 1491
GO:0001604 	 1
GO:0001605 	 2
GO:0052899 	 1
GO:0001607 	 2
GO:0001608 	 16
GO:0001609 	 7
GO:0071207 	 2
GO:0071208 	 4
GO:0071209 	 1
GO:0017150 	 4
GO:0008240 	 4
GO:0017151 	 4
GO:0008241 	 3
GO:0015370 	 60
GO:0008242 	 19
GO:0016262 	 3
GO:0017153 	 11
GO:0016263 	 2
GO:0033192 	 6
GO:0017154 	 12
GO:0015373 	 1
GO:0015375 	 2
GO:0004683 	 32
GO:0017159 	 4
GO:0015377 	 14
GO:0004686 	 1
GO:0015378 	 3
GO:0015379 	 10
GO:0004687 	 4
GO:0003796 	 11
GO:0047555 	 10
GO:0004689 	 5
GO:0031013 	 6
GO:0010521 	 3
GO:0031014 	 4
GO:1990136 	 1
GO:0043995 	 9
GO:0043996 	 9
GO:0001614 	 26
GO:0043997 	 1
GO:0070320 	 1
GO:0080122 	 2
GO:0001616 	 1
GO:0070324 	 7
GO:0001618 	 32
GO:0070325 	 27
GO:0070326 	 5
GO:0017160 	 13
GO:0008251 	 2
GO:0008252 	 22
GO:0017162 	 4
GO:0008253 	 17
GO:0008254 	 1
GO:0015382 	 2
GO:0004690 	 11
GO:0016273 	 21
GO:0004691 	 9
GO:0016274 	 21
GO:0004692 	 2
GO:0017166 	 11
GO:0015385 	 11
GO:0047560 	 1
GO:0004693 	 34
GO:0016277 	 1
GO:0017168 	 1
GO:0015386 	 2
GO:0004694 	 5
GO:0016278 	 67
GO:0017169 	 11
GO:0016279 	 67
GO:0015389 	 1
GO:0004697 	 22
GO:0004698 	 3
GO:0004699 	 4
GO:0001621 	 2
GO:1990147 	 1
GO:0019948 	 3
GO:0080130 	 3
GO:0070330 	 24
GO:0080132 	 1
GO:0001626 	 1
GO:0050733 	 6
GO:0070335 	 1
GO:0070336 	 1
GO:0008260 	 3
GO:0017171 	 228
GO:0015390 	 1
GO:0017172 	 2
GO:0008263 	 2
GO:0017174 	 1
GO:0008265 	 2
GO:0017176 	 5
GO:0008266 	 13
GO:0016286 	 4
GO:0008267 	 1
GO:0017178 	 1
GO:0016287 	 2
GO:0008269 	 2
GO:0016289 	 24
GO:0015399 	 138
GO:0004300 	 5
GO:0004301 	 10
GO:0019955 	 96
GO:0004303 	 12
GO:0019956 	 16
GO:0001631 	 3
GO:0004304 	 1
GO:0097573 	 1
GO:0019957 	 6
GO:0030144 	 3
GO:0019958 	 7
GO:0004305 	 4
GO:0001632 	 2
GO:0004306 	 1
GO:0030145 	 51
GO:0019959 	 3
GO:0004307 	 3
GO:0034701 	 2
GO:0001635 	 2
GO:0004308 	 9
GO:0004309 	 1
GO:0001637 	 38
GO:0033814 	 1
GO:0080146 	 1
GO:0033819 	 1
GO:0008270 	 1186
GO:0008271 	 13
GO:0016290 	 12
GO:0008273 	 6
GO:0016295 	 2
GO:0008276 	 107
GO:0016296 	 2
GO:0017188 	 1
GO:0016297 	 2
GO:0019961 	 2
GO:0016298 	 144
GO:0019962 	 1
GO:0005200 	 103
GO:0004310 	 1
GO:0005201 	 70
GO:0015002 	 26
GO:0019964 	 1
GO:0004311 	 6
GO:0030151 	 4
GO:0004312 	 8
GO:0023023 	 19
GO:0023024 	 3
GO:0001640 	 7
GO:0004313 	 1
GO:0019966 	 7
GO:0023025 	 1
GO:0001641 	 2
GO:0004314 	 2
GO:0001642 	 4
GO:0004315 	 2
GO:0023026 	 16
GO:0019969 	 1
GO:0004316 	 1
GO:0004317 	 1
GO:0030156 	 2
GO:0023029 	 4
GO:0034711 	 5
GO:0043621 	 43
GO:0030158 	 3
GO:0004319 	 1
GO:0042731 	 4
GO:0050750 	 21
GO:0034713 	 12
GO:0030159 	 24
GO:0033823 	 1
GO:0034714 	 5
GO:0035605 	 1
GO:0032934 	 45
GO:0033829 	 3
GO:0008281 	 2
GO:0019970 	 1
GO:0008289 	 704
GO:0023030 	 1
GO:0019972 	 2
GO:0004320 	 2
GO:0004321 	 2
GO:0030160 	 4
GO:0005212 	 20
GO:0019975 	 1
GO:0048487 	 34
GO:0004322 	 6
GO:1990175 	 1
GO:0019976 	 3
GO:0015016 	 4
GO:0004324 	 1
GO:0005215 	 1881
GO:0047598 	 1
GO:0004325 	 2
GO:0005216 	 634
GO:0015018 	 5
GO:0004326 	 1
GO:0030165 	 86
GO:0001653 	 183
GO:0005217 	 35
GO:0015019 	 1
GO:0016900 	 2
GO:0005218 	 17
GO:0070361 	 1
GO:0016901 	 6
GO:0005219 	 7
GO:0035612 	 6
GO:0070362 	 1
GO:0034722 	 1
GO:0004329 	 3
GO:0071253 	 5
GO:0035613 	 4
GO:0070363 	 1
GO:0036505 	 2
GO:0016903 	 79
GO:0030169 	 15
GO:0035615 	 9
GO:0016907 	 5
GO:0061459 	 1
GO:0016909 	 3
GO:0032947 	 71
GO:0008294 	 5
GO:0008296 	 9
GO:0008297 	 7
GO:0019981 	 2
GO:0015020 	 47
GO:0005220 	 5
GO:0019982 	 1
GO:0048495 	 4
GO:0005221 	 14
GO:0004331 	 6
GO:0030170 	 55
GO:0005222 	 9
GO:0030171 	 3
GO:0004332 	 3
GO:0005223 	 7
GO:0030172 	 3
GO:0004333 	 1
GO:0005224 	 1
GO:2001065 	 2
GO:0004334 	 1
GO:0015026 	 29
GO:0005225 	 2
GO:0004335 	 2
GO:0035620 	 2
GO:0005227 	 33
GO:0004336 	 1
GO:1990188 	 3
GO:0000773 	 1
GO:1990189 	 2
GO:0004337 	 2
GO:0001664 	 315
GO:0001665 	 7
GO:2001069 	 3
GO:0000774 	 6
GO:0097200 	 3
GO:0005229 	 16
GO:0004339 	 1
GO:0010576 	 17
GO:0046316 	 1
GO:0033842 	 2
GO:0010577 	 1
GO:0016913 	 1
GO:0034736 	 3
GO:0016917 	 24
GO:0016918 	 13
GO:0034739 	 2
GO:0070379 	 1
GO:1990190 	 2
GO:0019992 	 11
GO:2001070 	 3
GO:0005230 	 106
GO:0004340 	 5
GO:0005231 	 68
GO:0004341 	 1
GO:0031071 	 3
GO:0005232 	 5
GO:0004342 	 2
GO:0031072 	 83
GO:0004343 	 2
GO:0048101 	 1
GO:0005234 	 19
GO:0015035 	 24
GO:0031073 	 1
GO:0015036 	 34
GO:0001671 	 17
GO:0015037 	 7
GO:0004345 	 3
GO:0030184 	 1
GO:0015038 	 5
GO:0005237 	 19
GO:0004346 	 3
GO:0008900 	 3
GO:0044540 	 1
GO:0016920 	 1
GO:0004347 	 1
GO:0015039 	 1
GO:0031078 	 12
GO:0004348 	 3
GO:0008903 	 1
GO:0004349 	 1
GO:0016922 	 23
GO:0050780 	 15
GO:0008905 	 1
GO:0044547 	 2
GO:0044548 	 13
GO:0050785 	 1
GO:0033857 	 2
GO:0044549 	 1
GO:0050786 	 13
GO:0035639 	 1828
GO:0016929 	 7
GO:0033858 	 1
GO:0060589 	 330
GO:0004350 	 1
GO:0005242 	 30
GO:0004351 	 4
GO:0004352 	 2
GO:0005243 	 17
GO:0047220 	 1
GO:0004353 	 2
GO:0005244 	 260
GO:0001681 	 1
GO:0005245 	 58
GO:0005246 	 39
GO:0047223 	 3
GO:0004356 	 2
GO:0046332 	 74
GO:0005247 	 11
GO:0047224 	 1
GO:0004357 	 4
GO:0005248 	 27
GO:0035642 	 1
GO:0047225 	 1
GO:0030197 	 4
GO:0060590 	 29
GO:0005249 	 131
GO:0035643 	 1
GO:0004359 	 4
GO:0033862 	 1
GO:0016933 	 9
GO:0016934 	 8
GO:0016936 	 3
GO:0033867 	 1
GO:0005250 	 5
GO:0005251 	 43
GO:0004360 	 2
GO:0015052 	 1
GO:0005252 	 1
GO:0004361 	 1
GO:0004362 	 1
GO:0005253 	 110
GO:0015054 	 1
GO:0015055 	 1
GO:0004363 	 1
GO:0005254 	 101
GO:0004364 	 29
GO:0015056 	 2
GO:0004365 	 3
GO:0015057 	 5
GO:0004366 	 4
GO:0035650 	 4
GO:0035651 	 3
GO:0004367 	 2
GO:0016941 	 3
GO:0004368 	 3
GO:1901505 	 39
GO:0042781 	 2
GO:0033871 	 1
GO:0047237 	 2
GO:0033872 	 2
GO:0047238 	 4
GO:0000400 	 14
GO:0000403 	 5
GO:0000404 	 3
GO:0070001 	 33
GO:0070002 	 1
GO:0033878 	 1
GO:0000405 	 7
GO:0070003 	 21
GO:0000406 	 2
GO:0070004 	 1
GO:0070006 	 14
GO:0050405 	 2
GO:0090600 	 1
GO:0070008 	 10
GO:0070009 	 1
GO:0005260 	 1
GO:0004370 	 5
GO:0005261 	 451
GO:0004371 	 1
GO:0005262 	 142
GO:0004372 	 3
GO:0015065 	 5
GO:0004373 	 5
GO:0004375 	 1
GO:0015067 	 2
GO:0004376 	 2
GO:0015068 	 2
GO:0005267 	 192
GO:0004377 	 1
GO:0052590 	 1
GO:0004378 	 1
GO:0035662 	 3
GO:0018733 	 1
GO:0052591 	 1
GO:0035663 	 1
GO:0004379 	 2
GO:0043682 	 4
GO:0033882 	 1
GO:0008934 	 4
GO:0052593 	 2
GO:0033883 	 2
GO:0052594 	 2
GO:0052595 	 2
GO:0018738 	 1
GO:0033885 	 1
GO:0052596 	 2
GO:0052597 	 1
GO:0070011 	 861
GO:0052598 	 1
GO:0070012 	 1
GO:0052599 	 1
GO:0042799 	 3
GO:0031700 	 1
GO:0031701 	 13
GO:0031702 	 10
GO:0070016 	 11
GO:0031703 	 1
GO:0031704 	 2
GO:0031705 	 5
GO:0031707 	 1
GO:0031708 	 4
GO:0004380 	 1
GO:0004381 	 1
GO:0005272 	 48
GO:0004382 	 2
GO:0004383 	 8
GO:0015075 	 1237
GO:0005275 	 2
GO:0015077 	 489
GO:0004385 	 12
GO:0008940 	 2
GO:0005277 	 2
GO:0004386 	 181
GO:0015078 	 106
GO:0035671 	 5
GO:0008941 	 2
GO:0015079 	 227
GO:0047256 	 1
GO:0035673 	 3
GO:0008948 	 4
GO:0033897 	 1
GO:0031710 	 1
GO:0050421 	 1
GO:0031711 	 3
GO:0070025 	 1
GO:0022803 	 698
GO:0031713 	 1
GO:0070026 	 2
GO:0022804 	 462
GO:0031714 	 1
GO:0031715 	 1
GO:0060228 	 6
GO:0031716 	 2
GO:0060229 	 14
GO:0050429 	 1
GO:0090624 	 2
GO:0005280 	 4
GO:0015081 	 175
GO:0005283 	 10
GO:0004392 	 3
GO:0015085 	 168
GO:0004394 	 1
GO:0015086 	 1
GO:0004395 	 1
GO:0015087 	 2
GO:0005287 	 1
GO:0004396 	 8
GO:0015088 	 1
GO:0004397 	 1
GO:0005289 	 1
GO:0016971 	 3
GO:0004398 	 2
GO:0097260 	 1
GO:0048156 	 9
GO:0016972 	 5
GO:0044594 	 1
GO:0008955 	 1
